,NAME,DESCRIPTION
0,ACCELI42,PERS_ELIGIBLE_FOR_ACCESS_SUPPLEMENT_R4_2
1,ACTDTY31,MILITARY_FULL_TIME_ACTIVE_DUTY___R3_1
2,ACTDTY42,MILITARY_FULL_TIME_ACTIVE_DUTY___R4_2
3,ACTDTY53,MILITARY_FULL_TIME_ACTIVE_DUTY___R5_3
4,ACTLIM31,ANY_LIMITATION_WORK_HOUSEWRK_SCHL_RD_3_1
5,ACTLIM53,ANY_LIMITATION_WORK_HOUSEWRK_SCHL_RD_5_3
6,ADAPPT42,SAQ_12_MOS__NUM_VISITS_TO_MED_OFF_FOR_CARE
7,ADCAPE42,SAQ_4WKS__FELT_CALM_PEACEFUL_SF_12V2
8,ADCLIM42,SAQ__HLTH_LIMITS_CLIMBING_STAIRS_SF_12V2
9,ADCMPM42,SAQ__DATE_COMPLETED___MONTH
10,ADCMPY42,SAQ__DATE_COMPLETED___YEAR
11,ADDAYA42,SAQ__HLTH_LIMITS_MOD_ACTIVITIES_SF_12V2
12,ADDOWN42,SAQ_4WKS__FELT_DOWNHEARTED_DEPR_SF_12V2
13,ADDPRS42,SAQ_2_WKS__FELT_DOWN_DEPRESSED_HOPELESS
14,ADDRBP42,SAQ_2_YRS__DR_CHECKED_BLOOD_PRESSURE
15,ADEFRT42,SAQ_30_DAYS__HOW_OFTN_EVRYTHNG_AN_EFFORT
16,ADEGMC42,SAQ_12MOS__EASY_GETTING_NEEDED_MED_CARE
17,ADESSP42,SAQ_12MOS__HOW_ESY_TO_SEE_SPECIALIST
18,ADEXPL42,SAQ_12_MOS__DOC_EXPLAINED_SO_UNDERSTOOD
19,ADEZUN42,SAQ_12_MOS__DR_GIVEN_INSTR__EZ_UNDRSTD
20,ADFFRM42,SAQ_12_MOS__HAD_TO_FILL_OUT_SIGN_FORMS
21,ADFHLP42,SAQ_12_MOS__OFFRD_HELP_FILLING_OUT_FORMS
22,ADGENH42,SAQ__HEALTH_IN_GENERAL_SF_12V2
23,ADHDADDX,ADHDADD_DIAGNOSIS__5_17_
24,ADHDAGED,AGE_OF_DIAGNOSIS_ADHD_ADD
25,ADHECR42,SAQ_12_MOS__RATING_OF_HEALTH_CARE
26,ADHOPE42,SAQ_30_DAYS__HOW_OFTEN_FELT_HOPELESS
27,ADILCR42,SAQ_12MOS__ILL_INJURY_NEEDING_IMMED_CARE
28,ADILWW42,SAQ_12_MOS__GOT_CARE_WHEN_NEEDED_ILL_INJ
29,ADINSA42,SAQ__DO_NOT_NEED_HEALTH_INSURANCE
30,ADINSB42,SAQ__HEALTH_INSURANCE_NOT_WORTH_COST
31,ADINST42,SAQ_12_MOS__DR_GAVE_SPCIFC_INSTRCTNS
32,ADINTR42,SAQ_2_WKS__LITTLE_INTEREST_IN_THINGS
33,ADL3MO31,ADL_HELP_3PLUS_MONTHS___RD_3_1
34,ADLANG42,SAQ__LANGUAGE_OF_SAQ_INTERVIEW
35,ADLHLP31,ADL_SCREENER___RD_3_1
36,ADLHLP53,ADL_SCREENER___RD_5_3
37,ADLIST42,SAQ_12_MOS__DOCTOR_LISTENED_TO_YOU
38,ADMALS42,SAQ_4WKS_ACCMP_LESS_B_C_MNT_PRBS_SF_12V2
39,ADMWLM42,SAQ_4WKS_WORK_LIMT_B_C_MNT_PROBS_SF_12V2
40,ADNDCR42,SAQ_12MOS__NEED_ANY_CARE__TEST__TREATMNT
41,ADNERV42,SAQ_30_DAYS__HOW_OFTEN_FELT_NERVOUS
42,ADNRGY42,SAQ_4WKS__HAD_A_LOT_OF_ENERGY_SF_12V2
43,ADNSMK42,SAQ_12MOS__DR_ADVISED_TO_QUIT_SMOKING
44,ADOVER42,SAQ__CAN_OVERCOME_ILLS_WITHOUT_MED_HELP
45,ADPAIN42,SAQ_4WKS_PAIN_LIMITS_NORMAL_WORK_SF_12V2
46,ADPALS42,SAQ_4WKS_ACCMP_LESS_B_C_PHY_PRBS_SF_12V2
47,ADPRTM42,SAQ_12_MOS__DR_SPENT_ENUF_TIME_WITH_YOU
48,ADPRX42,SAQ__RELATIONSHIP_OF_PROXY_TO_ADULT
49,ADPWLM42,SAQ_4WKS_WORK_LIMT_B_C_PHY_PROBS_SF_12V2
50,ADRESP42,SAQ_12_MOS__DR_SHOWED_RESPECT
51,ADREST42,SAQ_30_DAYS__HOW_OFTEN_FELT_RESTLESS
52,ADRISK42,SAQ__MORE_LIKELY_TO_TAKE_RISKS
53,ADRTCR42,SAQ_12_MOS__MADE_APPT_ROUTINE_MED_CARE
54,ADRTWW42,SAQ_12_MOS__GOT_MED_APPT_WHEN_WANTED
55,ADSAD42,SAQ_30_DAYS__HOW_OFTEN_FELT_SAD
56,ADSMOK42,SAQ__CURRENTLY_SMOKE
57,ADSOCA42,SAQ_4WKS__HLTH_STOPPED_SOC_ACTIV_SF_12V2
58,ADSPEC42,SAQ_12_MOS__NEEDED_TO_SEE_SPECIALIST
59,ADTLHW42,SAQ_12_MOS__DR_ASKED_R_DESC_HOW_FOLLOW
60,ADUPRO42,PRBLM_GETTING_ALONG_W_ADULTS__5_17__R4_2
61,ADWRTH42,SAQ_30_DAYS__HOW_OFTEN_FELT_WORTHLESS
62,AFDC13,DID_PERSON_S_CHECK_INCLUDE_TANF
63,AFTHOU42,AC25_HOW_DIFF_CONTACT_USC_AFT_HOURS_R4_2
64,AGE13X,AGE_AS_OF_12_31_13__EDITED_IMPUTED_
65,AGE31X,AGE___R3_1__EDITED_IMPUTED_
66,AGE42X,AGE___R4_2__EDITED_IMPUTED_
67,AGE53X,AGE___R5_3__EDITED_IMPUTED_
68,AGELAST,PERSON_S_AGE_LAST_TIME_ELIGIBLE
69,AIDHLP31,USED_ASSISTIVE_DEVICES___RD_3_1
70,AIDHLP53,USED_ASSISTIVE_DEVICES___RD_5_3
71,ALIIMP13,ALIMONY_INCOME_IMPUTATION_FLAG
72,ALIMP13X,PERSON_S_ALIMONY_INCOME
73,AMAEXP13,TOTL_AMBULTRY__OBPLUSOP__PHYS_ASS_T_EXP_13
74,AMAMCD13,PHYS_ASS_T_AMB_VSTS_MEDICAID_AMT_13
75,AMAMCR13,PHYS_ASS_T_AMB_VSTS_MEDICARE_AMT_13
76,AMAOFD13,PHYS_ASS_T_AMB_VSTS___OTHER_FED_AMT_13
77,AMAOPR13,PHYS_ASS_T_AMB_VSTS___OTH_PRIVATE_AMT_13
78,AMAOPU13,PHYS_ASS_T_AMB_VSTS___OTH_PUBLIC_AMT_13
79,AMAOSR13,P_A_AMB_VSTS___OTH_UNCLASS_SRCE_AMT_13
80,AMAOTH13,PHYS_ASS_T_AMB_VSTS_OTH_COMBINED_AMT_13
81,AMAPRV13,PHYS_ASS_T_AMB_VSTS_PRIVATE_INS_AMT_13
82,AMAPTR13,PHYS_ASS_T_AMB_VSTS___PRV___TRI_AMT_13
83,AMASLF13,PHYS_ASS_T_AMB_VSTS_SELF_FAMILY_AMT_13
84,AMASST13,NUM_PHYSICIAN_ASS_T_VSTS__OFFPLUSOUPAT___2013
85,AMASTL13,PHYS_ASS_T_AMB_VSTS_OTH_ST_LOCL_AMT_13
86,AMATCH13,PHYS_ASS_T_AMBULATORY_VISIT_CHARGES_13
87,AMATRI13,PHYS_ASS_T_AMB_VSTS_TRICARE_AMT_13
88,AMAVA13,PHYS_ASS_T_AMB_VSTS_VA_CHAMPVA_AMT_13
89,AMAWCP13,PHYS_ASS_T_AMB_VSTS_WRKERS_COMP_AMT_13
90,AMCEXP13,TOTL_AMBULTRY__OBPLUSOP__CHIRO_EXP_13
91,AMCHIR13,NUM_CHIROPRACTR_VSTS__OFFPLUSOUTPAT___2013
92,AMCMCD13,CHIRO_AMB_VISITS___MEDICAID_AMT_13
93,AMCMCR13,CHIRO_AMB_VISITS___MEDICARE_AMT_13
94,AMCOFD13,CHIRO_AMB_VISITS___OTHER_FEDERAL_AMT_13
95,AMCOPR13,CHIRO_AMB_VISITS___OTH_PRIVATE_AMT_13
96,AMCOPU13,CHIRO_AMB_VISITS___OTH_PUBLIC_AMT_13
97,AMCOSR13,CHIR_AMB_VSTS___OTH_UNCLASS_SRCE_AMT_13
98,AMCOTH13,CHIRO_AMB_VISITS___OTH_COMBINED_AMT_13
99,AMCPRV13,CHIRO_AMB_VISITS___PRIVATE_INS_AMT_13
100,AMCPTR13,CHIRO_AMB_VISITS__PRV___TRI_AMT_13
101,AMCSLF13,CHIRO_AMB_VISITS___SELF_FAMILY_AMT_13
102,AMCSTL13,CHIRO_AMB_VISITS___OTH_ST_LOCAL_AMT_13
103,AMCTCH13,CHIRO_AMBULATORY_VISIT_CHARGES_13
104,AMCTRI13,CHIRO_AMB_VISITS_TRICARE_AMT_13
105,AMCVA13,CHIRO_AMB_VISITS___VA_CHAMPVA_AMT_13
106,AMCWCP13,CHIRO_AMB_VISITS_WORKERS_COMP_AMT_13
107,AMDRC13,NUM_CALLS_W_OFF___OUTPAT_PHYSICIANS__2013
108,AMEEXP13,TOTL_AMBULTRY__OBPLUSOP__OPTOMETRIST_EXP_13
109,AMEMCD13,OPTMTRIST_AMB_VSTS___MEDICAID_AMT_13
110,AMEMCR13,OPTMTRIST_AMB_VSTS___MEDICARE_AMT_13
111,AMEOFD13,OPTMTRIST_AMB_VSTS_OTHER_FED_AMT_13
112,AMEOPR13,OPTMTRIST_AMB_VSTS___OTH_PRIVATE_AMT_13
113,AMEOPU13,OPTMTRIST_AMB_VSTS___OTH_PUBLIC_AMT_13
114,AMEOSR13,OPTOM_AMB_VSTS___OTH_UNCLAS_SRCE_AMT_13
115,AMEOTH13,OPTMTRIST_AMB_VSTS___OTH_COMBINED_AMT_13
116,AMEPRV13,OPTMTRIST_AMB_VSTS___PRIVATE_INS_AMT_13
117,AMEPTR13,OPTMTRIST_AMB_VSTS___PRV___TRI_AMT_13
118,AMESLF13,OPTMTRIST_AMB_VSTS___SELF_FAMILY_AMT_13
119,AMESTL13,OPTMTRIST_AMB_VSTS_OTH_ST_LOCAL_AMT_13
120,AMETCH13,OPTOMETRIST_AMBULATORY_VISIT_CHARGES_13
121,AMETRI13,OPTMTRIST_AMB_VSTS_TRICARE_AMT_13
122,AMEVA13,OPTMTRIST_AMB_VSTS_VA_CHAMPVA_AMT_13
123,AMEWCP13,OPTMTRIST_AMB_VSTS_WORKERS_COMP_AMT_13
124,AMNEXP13,TOTL_AMBULTRY__OBPLUSOP__NURSE_PRAC_EXP_13
125,AMNMCD13,NRS_PRAC_AMB_VSTS___MEDICAID_AMT_13
126,AMNMCR13,NRS_PRAC_AMB_VSTS___MEDICARE_AMT_13
127,AMNOFD13,NRS_PRAC_AMB_VSTS_OTHER_FEDERAL_AMT_13
128,AMNOPR13,NRS_PRAC_AMB_VSTS___OTH_PRIVATE_AMT_13
129,AMNOPU13,NRS_PRAC_AMB_VSTS___OTH_PUBLIC_AMT_13
130,AMNOSR13,NRS_PR_AMB_VSTS___OTH_UNCLAS_SRCE_AMT_13
131,AMNOTH13,NRS_PRAC_AMB_VSTS___OTH_COMBINED_AMT_13
132,AMNPRV13,NRS_PRAC_AMB_VSTS___PRIV_INS_AMT_13
133,AMNPTR13,NRS_PRAC_AMB_VSTS___PRV___TRI_AMT_13
134,AMNSLF13,NRS_PRAC_AMB_VSTS___SELF_FAMILY_AMT_13
135,AMNSTL13,NRS_PRAC_AMB_VSTS_OTH_ST_LOCAL_AMT_13
136,AMNTCH13,NRS_PRAC_AMBULATORY_VISIT_CHARGES_13
137,AMNTRI13,NRS_PRAC_AMB_VSTS_TRICARE_AMT_13
138,AMNURS13,NUM_AMB_NURSE_PRCTITIONR_VSTS_OBPLUSOP__13
139,AMNVA13,NRS_PRAC_AMB_VSTS_VA_CHAMPVA_AMT_13
140,AMNWCP13,NRS_PRAC_AMB_VSTS_WORKERS_COMP_AMT_13
141,AMOPTO13,NUM_AMB_OPTOMETRIST_VSTS__OBPLUSOP__13
142,AMTEXP13,TOTL_AMBULTRY__OBPLUSOP__PT_OT_EXP_13
143,AMTHER13,NUM_AMB_PT_OT_THRPY_VISITS__OBPLUSOP__13
144,AMTMCD13,PT_OT_AMB_VISITS_MEDICAID_AMT_13
145,AMTMCR13,PT_OT_AMB_VISITS_MEDICARE_AMT_13
146,AMTOFD13,PT_OT_AMB_VISITS___OTHER_FED_AMT_13
147,AMTOPR13,PT_OT_AMB_VISITS___OTH_PRIVATE_AMT_13
148,AMTOPU13,PT_OT_AMB_VISITS_OTH_PUBLIC_AMT_13
149,AMTOSR13,PT_OT_AMB_VSTS_OTH_UNCLAS_SRCE_AMT_13
150,AMTOTC13,NUM_CALLS_W_OFFICE___OUPAT_DEPTS__2013
151,AMTOTH13,PT_OT_AMB_VISITS___OTH_COMBINED_AMT_13
152,AMTPRV13,PT_OT_AMB_VISITS_PRIVATE_INS_AMT_13
153,AMTPTR13,PT_OT_AMB_VISITS__PRV___TRI_AMT_13
154,AMTSLF13,PT_OT_AMB_VISITS_SELF_FAMILY_AMT_13
155,AMTSTL13,PT_OT_AMB_VISITS_OTH_ST_LOCL_AMT_13
156,AMTTCH13,PT_OC_AMBULATORY_VISIT_CHARGES_13
157,AMTTRI13,PT_OT_AMB_VISITS_TRICARE_AMT_13
158,AMTVA13,PT_OT_AMB_VISITS_VA_CHAMPVA_AMT_13
159,AMTWCP13,PT_OT_AMB_VISITS_WORKERS_COMP_AMT_13
160,ANGIAGED,AGE_OF_DIAGNOSIS_ANGINA
161,ANGIDX,ANGINA_DIAGNOSIS___17_
162,ANYLMT13,ANY_LIMITATION_IN_P17R3_4_5_P18R1_2_3
163,ARTHAGED,AGE_OF_DIAGNOSIS_ARTHRITIS
164,ARTHDX,ARTHRITIS_DIAGNOSIS___17_
165,ARTHTYPE,TYPE_OF_ARTHRITIS_DIAGNOSED___17_
166,ASACUT53,USED_ACUTE_PRES_INHALER_LAST_3_MOS_RD5_3
167,ASATAK31,ASTHMA_ATTACK_LAST_12_MOS___RD3_1
168,ASATAK53,ASTHMA_ATTACK_LAST_12_MOS___RD_5_3
169,ASDALY53,NOW_TAKE_PREV_DAILY_ASTHMA_MEDS___RD_5_3
170,ASEVFL53,EVER_USED_PEAK_FLOW_METER___RD_5_3
171,ASIANP42,AC19_IS_PROVIDER_ASIAN_R4_2
172,ASMRCN53,USED_3ACUTE_CN_PRES_INH_LAST_3_MOS_RD5_3
173,ASPKFL53,HAVE_PEAK_FLOW_METER_AT_HOME___RD_5_3
174,ASPREV53,EVER_USED_PREV_DAILY_ASTHMA_MEDS__RD_5_3
175,ASPRIN53,TKE_ASPIRN_EVERY__OTHR__DAY___17__RD_5_3
176,ASSTIL31,DOES_PERSON_STILL_HAVE_ASTHMA_RD3_1
177,ASSTIL53,DOES_PERSON_STILL_HAVE_ASTHMA___RD_5_3
178,ASTHAGED,AGE_OF_DIAGNOSIS_ASTHMA
179,ASTHDX,ASTHMA_DIAGNOSIS
180,ASTHEP31,WHEN_WAS_LAST_EPISODE_OF_ASTHMA___RD_3_1
181,ASTHEP53,WHEN_WAS_LAST_EPISODE_OF_ASTHMA___RD_5_3
182,ASWNFL53,WHEN_LAST_USED_PEAK_FLOW_METER___RD_5_3
183,BEGRFM31,R3_1_REFERENCE_PERIOD_BEGIN_DATE__MONTH
184,BEGRFM42,R4_2_REFERENCE_PERIOD_BEGIN_DATE__MONTH
185,BEGRFM53,R5_3_REFERENCE_PERIOD_BEGIN_DATE__MONTH
186,BEGRFY31,R3_1_REFERENCE_PERIOD_BEGIN_DATE__YEAR
187,BEGRFY42,R4_2_REFERENCE_PERIOD_BEGIN_DATE__YEAR
188,BEGRFY53,R5_3_REFERENCE_PERIOD_BEGIN_DATE__YEAR
189,BENDIF31,DIFFICULTY_BENDING_STOOPING___RD_3_1
190,BENDIF53,DIFFICULTY_BENDING_STOOPING___RD_5_3
191,BLCKPR42,AC19_IS_PROVIDER_BLACK_AFRICAN_AMER_R4_2
192,BLIND42,PERSON_IS_BLIND___RD_4_2
193,BMINDX53,ADULT_BODY_MASS_INDEX___17____RD_5_3
194,BOOST42,DR_ADVISE_BOOSTER_SEAT__40_WT__80__R4_2
195,BORNUSA,PERSON_BORN_IN_THE_US
196,BPCHEK53,TIME_SNCE_LST_BLOOD_PRES_CHK___17__RD5_3
197,BPMLDX,MULT_DIAG_HIGH_BLOOD_PRESS___17_
198,BRSTEX53,HOW_LNG_SNCE_LST_BREAST_EXAM___17__RD5_3
199,BSNTY31,SOLE_PROP__PARTNER__CORP__RD_3_1_CMJ
200,BSNTY42,SOLE_PROP__PARTNER__CORP__RD_4_2_CMJ
201,BSNTY53,SOLE_PROP__PARTNER__CORP__RD_5_3_CMJ
202,BSTSRE53,RSN_HAVE_BLD_STOOL_TST___39__R5_3
203,BSTST53,MST_RCNT_BLD_STOOL_TST_HME_KIT__39__R5_3
204,BUSIMP13,BUSINESS_INCOME_IMPUTATION_FLAG
205,BUSNP13X,PERSON_S_BUSINESS_INCOME
206,CABLADDR,CANCER_DIAGNOSED___BLADDER___17_
207,CABREAST,CANCER_DIAGNOSED___BREAST___17_
208,CACERVIX,CANCER_DIAGNOSED___CERVIX___17_
209,CACOLON,CANCER_DIAGNOSED___COLON___17_
210,CALUNG,CANCER_DIAGNOSED___LUNG___17_
211,CALYMPH,CANCER_DIAGNOSED___LYMPHOMA___17_
212,CAMELANO,CANCER_DIAGNOSED___MELANOMA___17_
213,CANCERDX,CANCER_DIAGNOSIS___17_
214,CAOTHER,CANCER_DIAGNOSED___OTHER___17_
215,CAPROSTA,CANCER_DIAGNOSED___PROSTATE___17_
216,CARECO42,AC08_OTH_REAS_NO_USC_COST_OF_MED_CR_R4_2
217,CASHP13X,PERSON_S_OTHER_REGULAR_CASH_CONTRIBUTION
218,CASKINDK,CANCER_DIAGNOSED_SKIN_UNKNOWN_TYPE___17_
219,CASKINNM,CANCER_DIAGNOSED___SKIN_NONMELANO___17_
220,CAUTERUS,CANCER_DIAGNOSED___UTERUS___17_
221,CHAPPT42,CAHPS_12MOS_NUM_OF_OFF_CLIN_APTS_0_17_R4_2
222,CHBMIX42,CHILD_S_BODY_MASS_INDEX__6_17__R4_2
223,CHBRON31,CHRONC_BRONCHITS_LAST_12_MTHS___17__R3_1
224,CHBRON53,CHRONC_BRONCHITS_LAST_12_MTHS___17__R5_3
225,CHCOUN42,CSHCN_CHILD_NEEDS_COUNSELING__0_17__R4_2
226,CHDAGED,AGE_OF_DIAGNOSIS_CORONARY_HEART_DISEASE
227,CHDDX,CORONARY_HRT_DISEASE_DIAG___17_
228,CHECK53,HOW_LNG_LST_ROUTNE_CHECKUP___17__RD_5_3
229,CHEMPB42,CSHCN_COUNS_PROB_LAST_12PLUSMOS__0_17__R4_2
230,CHENEC42,CAHPS_12MOS_EASY_GET_NEC_CARE__0_17_R4_2
231,CHEXPL42,CAHPS_12MOS_CHLD_DR_EXPL_THNG_0_17_R4_2
232,CHEYRE42,CAHPS_12MOS_ESY_W_RFR_TO_SPEC_0_17__R4_2
233,CHGJ3142,CHANGED_JOB_BETWEEN_RD_3_1_AND_RD_4_2
234,CHGJ4253,CHANGED_JOB_BETWEEN_RD_4_2_AND_RD_5_3
235,CHHECR42,CAHPS_12MOS_RATE_CHLD_HLT_CARE_0_17_R4_2
236,CHILCR42,CAHPS_12MOS_ILL_INJ_NEED_CARE_0_17__R4_2
237,CHILWW42,CAHPS_12MOS_ILL_CARE_WHN_WNTD_0_17__R4_2
238,CHLDP13X,PERSON_S_CHILD_SUPPORT
239,CHLICO42,CSHCN_LIMIT_COND_LAST_12PLUSMOS__0_17__R4_2
240,CHLIHB42,CSHCN_LIMT_FOR_HLTH_BEHV_COND_0_17__R4_2
241,CHLIMI42,CSHCN_LIMITED_IN_ANY_WAY__0_17__R4_2
242,CHLIMP13,CHILD_SUPPORT_IMPUTATION_FLAG
243,CHLIST42,CAHPS_12MOS_CHLD_DR_LSN_TO_YOU_0_17_R4_2
244,CHNDCR42,CAHPS_12MOS_NEED_ANY_CARE_TRT_0_17__R4_2
245,CHOIC31,CHOICE_OF_HEALTH_PLANS_AT_RD_3_1_CMJ
246,CHOIC42,CHOICE_OF_HEALTH_PLANS_AT_RD_4_2_CMJ
247,CHOIC53,CHOICE_OF_HEALTH_PLANS_AT_RD_5_3_CMJ
248,CHOLAGED,AGE_OF_DIAGNOSIS_HIGH_CHOLESTEROL
249,CHOLCK53,HOW_LNG_CHOLEST_LST_CHCK___17____RD_5_3
250,CHOLDX,HIGH_CHOLESTEROL_DIAGNOSIS___17_
251,CHPMCN42,CSHCN_PMED_COND_LAST_12PLUS_MOS__0_17__R4_2
252,CHPMED42,CSHCN_CHILD_NEEDS_PRESCRB_MED_0_17__R4_2
253,CHPMHB42,CSHCN_PMED_FOR_HLTH_BEHV_COND_0_17__R4_2
254,CHPRTM42,CAHPS_12MOS_CHILD_DR_ENGH_TIME_0_17_R4_2
255,CHRESP42,CAHPS_12MOS_CHLD_S_DR_SHW_RESP_0_17_R4_2
256,CHRTCR42,CAHPS_12MOS_MAKE_ROUT_CARE_APT_0_17_R4_2
257,CHRTWW42,CAHPS_12MOS_ROUT_APT_WHN_WNTD_0_17__R4_2
258,CHSERV42,CSHCN_CHLD_NEEDS_MED_OTH_SERV_0_17__R4_2
259,CHSPEC42,CAHPS_12MOS_CHLD_NEEDED_SPEC_0_17_R4_2
260,CHSRCN42,CSHCN_SERV_COND_LAST_12PLUS_MOS__0_17__R4_2
261,CHSRHB42,CSHCN_SERV_FOR_HLTH_BEHV_COND_0_17__R4_2
262,CHTHCO42,CSHCN_THER_COND_LAST_12PLUS_MOS__0_17__R4_2
263,CHTHER42,CSHCN_CHLD_NEEDS_SPEC_THERAPY_0_17__R4_2
264,CHTHHB42,CSHCN_SPEC_THER_FOR_HLTHPLUSCOND_0_17__R4_2
265,CLINIC42,AC08_OTH_REAS_NO_USC__HOSP_ER_CLNIC_R4_2
266,CLMDEP13,DID_WILL_PERS_CLAIM_DEPENDENTS_ON_RETURN
267,CLMHIP13,DID_WILL_PERS_DEDUCT_HEALTH_INSUR__PREM_
268,CLNTRE53,RSN_HAVE_COLONOSCOPY___39__R5_3
269,CLNTST53,MOST_RECENT_COLONOSCOPY___39____R5_3
270,COGLIM31,COGNITIVE_LIMITATIONS___RD_3_1
271,COGLIM53,COGNITIVE_LIMITATIONS___RD_5_3
272,COVRMM,MONTH_MOST_RECENTLY_COVERED_PNL_18_ONLY
273,COVRYY,YEAR_MOST_RECENTLY_COVERED_PANEL_18_ONLY
274,CPSFAMID,CPSFAMID
275,CSHCN42,CSHCN_CHILD_W_SPEC_HC_NEEDS__0_17__R4_2
276,CSHIMP13,CASH_CONTRIBUTION_IMPUTATION_FLAG
277,DADPRO42,PROBLEM_GETTING_ALONG_W_DAD__5_17__R4_2
278,DAPID31X,PID_OF_PERSON_S_DAD___RD_3_1
279,DAPID42X,PID_OF_PERSON_S_DAD___RD_4_2
280,DAPID53X,PID_OF_PERSON_S_DAD___RD_5_3
281,DDNSCL31,NUM_DAYS_MISSD_SCHOOL_DUE_TO_ILL_INJ_RD31_
282,DDNSCL42,NUM_DAYS_MISSD_SCHOOL_DUE_TO_ILL_INJ_RD42_
283,DDNSCL53,NUM_DAYS_MISSD_SCHOOL_DUE_TO_ILL_INJ_RD53_
284,DDNWRK31,NUM_DAYS_MISSED_WORK_DUE_TO_ILL_INJ__RD31_
285,DDNWRK42,NUM_DAYS_MISSED_WORK_DUE_TO_ILL_INJ__RD42_
286,DDNWRK53,NUM_DAYS_MISSED_WORK_DUE_TO_ILL_INJ__RD53_
287,DEAF42,PERSON_IS_DEAF___RD_4_2
288,DECIDE42,AC28_PROV_ASKS_PERS_TO_HELP_DECIDE_R4_2
289,DEDUCT13,ITEMIZE_OR_STANDARD_DEDUCTION
290,DENTAL42,DR_ADVISE_REG_DENTAL_CHECKUP__2_17__R4_2
291,DENTCK53,HOW_OFTEN_DENTAL_CHECK_UP___RD_5_3
292,DENTIN31,DENTAL_INSURANCE___RD_3_1
293,DENTIN42,DENTAL_INSURANCE___RD_4_2
294,DENTIN53,DENTAL_INSURANCE___RD_5_3
295,DEPDNT13,PERSON_IS_FLAGGED_A_DEPENDENT
296,DFCOG42,SERIOUS_COGNITIVE_DIFFICULTIES_RD_4_2
297,DFDRSB42,DIFFICULTY_DRESSING_BATHING_RD_4_2
298,DFERND42,DIFFICULTY_DOING_ERRANDS_ALONE_RD_4_2
299,DFHEAR42,SERIOUS_DIFFICULTY_HEARING_RD_4_2
300,DFSEE42,SERIOUS_DIFFICULTY_SEE_W_GLASSES_RD_4_2
301,DFTOUS42,AC14_HOW_DIFFICULT_IS_IT_GET_TO_USC_R4_2
302,DFWLKC42,SERIOUS_DIFCULTY_WLK_CLIMB_STAIRS_RD_4_2
303,DIABAGED,AGE_OF_DIAGNOSIS_DIABETES
304,DIABDX,DIABETES_DIAGNOSIS___17_
305,DIABW13F,FINAL_DIABETES_CARE_SUPPLEMENT_WEIGHT
306,DIFFPL42,AC08_OTH_REAS_NO_USC_DIFFRNT_PLACES_R4_2
307,DIFFWG31,PERSONS_WAGES_DIFFERENT_THIS_RD31_AT_CMJ
308,DIFFWG42,PERSONS_WAGES_DIFFERENT_THIS_RD42_AT_CMJ
309,DIFFWG53,PERSONS_WAGES_DIFFERENT_THIS_RD53_AT_CMJ
310,DISVW31X,DISAVOWED_HEALTH_INS_AT_RD_3_1_CMJ__ED_
311,DISVW42X,DISAVOWED_HEALTH_INS_AT_RD_4_2_CMJ__ED_
312,DISVW53X,DISAVOWED_HEALTH_INS_AT_RD_5_3_CMJ__ED_
313,DIVDP13X,PERSON_S_DIVIDEND_INCOME
314,DIVIMP13,DIVIDEND_INCOME_IMPUTATION_FLAG
315,DKWHRU42,AC08_OTH_REAS_NO_USC_DK_WHERE_TO_GO_R4_2
316,DNDLAY42,DELAYED_IN_GETTING_NEC_DENTAL_CARE_R4_2
317,DNDLPR42,AC47_PRB_DLAYD_GETTNG_NEC_DENT_CARE_R4_2
318,DNDLRS42,AC46_RSN_DLAYD_GETTNG_NEC_DENT_CARE_R4_2
319,DNTINS13,DENTAL_INSURANCE_ANY_TIME_IN_R5_R3
320,DNTINS31,DENTAL_INS___RD_3_1_IN_13
321,DNUNAB42,UNABLE_TO_GET_NECESSARY_DENTAL_CARE_R4_2
322,DNUNPR42,AC43_PRB_UNABLE_GET_NCSRY_DENT_CARE_R4_2
323,DNUNRS42,AC42_RSN_UNABLE_GET_NCSRY_DENT_CARE_R4_2
324,DOBMM,DATE_OF_BIRTH__MONTH
325,DOBYY,DATE_OF_BIRTH__YEAR
326,DOCELS42,AC08_OTH_REAS_NO_USC__DR_ELSEWHERE_R4_2
327,DPINRU13,DEPENDENTS_IN_OUT_OF_RU
328,DPOTSD13,HOW_MANY_DEPENDENTS_LIVE_OUTSIDE_RU
329,DSA1C53,DCS__TIMES_TESTED_FOR_A_ONE_C_IN_2013
330,DSCB1253,DCS__BLOOD_CHOLESTEROL_CHECKED_BEF_2012
331,DSCGRP53,DCS__LEARNED_CARE_BY_TAKING_GROUP_CLASS
332,DSCH1253,DCS__BLOOD_CHOLESTEROL_CHECKED_IN_2012
333,DSCH1353,DCS__BLOOD_CHOLESTEROL_CHECKED_IN_2013
334,DSCH1453,DCS__BLOOD_CHOLESTEROL_CHECKED_IN_2014
335,DSCHNV53,DCS__NEVER_HAD_BLOOD_CHOLESTEROL_CHECKED
336,DSCINT53,DCS__LEARNED_CARE_FROM_READING_INTERNET
337,DSCNPC53,DCS__LEARNED_CARE_FROM_OTHER_PROVIDER
338,DSCONF53,DCS__CONFIDENT_TAKING_CARE_OF_DIABETES
339,DSCPCP53,DCS__LEARNED_CARE_FROM_PRIMARY_CARE_PROV
340,DSCPHN53,DCS__LEARN_CARE_FROM_PHONE_CALL_W_PROV
341,DSDIA53,DCS__DIABETES_DIAGNOSIS_BY_HEALTH_PROF
342,DSDIET53,DCS__TREAT_DIABETES_W_DIET_MODIFICATION
343,DSEB1253,DCS__DILATED_EYE_EXAM_BEFORE_2012
344,DSEY1253,DCS__DILATED_EYE_EXAM_IN_2012
345,DSEY1353,DCS__DILATED_EYE_EXAM_IN_2013
346,DSEY1453,DCS__DILATED_EYE_EXAM_IN_2014
347,DSEYNV53,DCS__NEVER_HAD_DILATED_EYE_EXAM
348,DSEYPR53,DCS__HAS_DIABETES_CAUSED_EYE_PROBS
349,DSFB1253,DCS__HAD_FEET_CHECKED_BEFORE_2012
350,DSFL1253,DCS__GOT_FLU_VACCINATION_IN_2012
351,DSFL1353,DCS__GOT_FLU_VACCINATION_IN_2013
352,DSFL1453,DCS__GOT_FLU_VACCINATION_IN_2014
353,DSFLNV53,DCS__NEVER_GOT_FLU_VACCINATION
354,DSFT1253,DCS__HAD_FEET_CHECKED_DURING_2012
355,DSFT1353,DCS__HAD_FEET_CHECKED_DURING_2013
356,DSFT1453,DCS__HAD_FEET_CHECKED_DURING_2014
357,DSFTNV53,DCS__NEVER_HAD_FEET_CHECKED
358,DSINSU53,DCS__TREAT_DIABETES_W_INSULIN_INJECTIONS
359,DSKIDN53,DCS__HAS_DIABETES_CAUSED_KIDNEY_PROBLEMS
360,DSMED53,DCS__TREAT_DIABETES_W_MEDS_BY_MOUTH
361,DSPRX53,DCS__WAS_RESPONDENT_A_PROXY
362,DSVB1253,DCS__GOT_FLU_VACCINATION_BEFORE_2012
363,DUID,DWELLING_UNIT_ID
364,DUPERSID,PERSON_ID__DUID_PLUS_PID_
365,DVGEN13,NUM_GENERAL_DENTIST_VISITS_13
366,DVGEXP13,TOTAL_GENERAL_DENTIST_EXP_13
367,DVGMCD13,GNRL_DENTAL_VISITS___MEDICAID_AMT_13
368,DVGMCR13,GNRL_DENTAL_VISITS___MEDICARE_AMT_13
369,DVGOFD13,GNRL_DENTAL_VISITS___OTHER_FED_AMT_13
370,DVGOPR13,GNRL_DENTAL_VISITS___OTH_PRIVATE_AMT_13
371,DVGOPU13,GNRL_DENTAL_VISITS___OTH_PUBLIC_AMT_13
372,DVGOSR13,GNRL_DENT_VSTS___OT_UNCLASS_SRCE_AMT_13
373,DVGOTH13,GNRL_DENTAL_VISITS___OTH_COMBINED_AMT_13
374,DVGPRV13,GNRL_DENTAL_VISITS___PRIVATE_INS_AMT_13
375,DVGPTR13,GNRL_DENTAL_VISITS___PRV___TRI_AMT_13
376,DVGSLF13,GNRL_DENTAL_VISITS___SELF_FAM_AMT_13
377,DVGSTL13,GNRL_DENTAL_VISITS___OTH_ST_LOCAL_AMT_13
378,DVGTCH13,GENERAL_DENTAL_CARE_VISIT_CHARGES_13
379,DVGTRI13,GNRL_DENTAL_VISITS_TRICARE_AMT_13
380,DVGVA13,GNRL_DENTAL_VISITS___VA_CHAMPVA_AMT_13
381,DVGWCP13,GNRL_DENTAL_VISITS___WORKERS_COMP_AMT_13
382,DVOEXP13,TOTAL_ORTHODONTIST_EXP_13
383,DVOMCD13,ORTHODONTIST_VISITS___MEDICAID_AMT_13
384,DVOMCR13,ORTHODONTIST_VISITS___MEDICARE_AMT_13
385,DVOOFD13,ORTHODONTIST_VISITS_OTHR_FED_AMT_13
386,DVOOPR13,ORTHODONTIST_VISITS_OTHR_PRIVATE_AMT_13
387,DVOOPU13,ORTHODONTIST_VISITS_OTHR_PUBLIC_AMT_13
388,DVOOSR13,ORTHODONT_VSTS___OT_UNCLASS_SRCE_AMT_13
389,DVOOTH13,ORTHODONTIST_VISITS_OTH_COMBINED_AMT_13
390,DVOPRV13,ORTHODONTIST_VISITS___PRIVATE_INS_AMT_13
391,DVOPTR13,ORTHODONTIST_VISITS___PRV___TRI_AMT_13
392,DVORTH13,NUM_ORTHODONTIST_VISITS_13
393,DVOSLF13,ORTHODONTIST_VISITS___SELF_FAMILY_AMT_13
394,DVOSTL13,ORTHODONTIST_VISITS_OTHR_ST_LOCAL_AMT_13
395,DVOTCH13,ORTHODONTIST_VISIT_CHARGES_13
396,DVOTRI13,ORTHODONTIST_VISITS_TRICARE_AMT_13
397,DVOVA13,ORTHODONTIST_VISITS_VA_CHAMPVA_AMT_13
398,DVOWCP13,ORTHODONTIST_VISITS_WORKERS_COMP_AMT_13
399,DVTEXP13,TOTAL_DENTAL_CARE_EXP_13
400,DVTMCD13,ALL_DENTAL_CARE___MEDICAID_AMT_13
401,DVTMCR13,ALL_DENTAL_CARE___MEDICARE_AMT_13
402,DVTOFD13,ALL_DENTAL_CARE___OTHER_FEDRL_AMT_13
403,DVTOPR13,ALL_DENTAL_CARE___OTH_PRIVATE_AMT_13
404,DVTOPU13,ALL_DENTAL_CARE___OTH_PUBLIC_AMT_13
405,DVTOSR13,ALL_DENT_CARE_OT_UNCLASS_SRCE_AMT_13
406,DVTOT13,NUM_DENTAL_CARE_VISITS_13
407,DVTOTH13,ALL_DENTAL_CARE___OTH_COMBINED_AMT_13
408,DVTPRV13,ALL_DENTAL_CARE___PRIVATE_INS_AMT_13
409,DVTPTR13,ALL_DENTAL_CARE___PRV___TRI_AMT_13
410,DVTSLF13,ALL_DENTAL_CARE___SELF_FAMILY_AMT_13
411,DVTSTL13,ALL_DENTAL_CARE___OTH_ST_LOCAL_AMT_13
412,DVTTCH13,TOTAL_DENTAL_CARE_VISIT_CHARGES_13
413,DVTTRI13,ALL_DENTAL_CARE___TRICARE_AMT_13
414,DVTVA13,ALL_DENTAL_CARE___VA_CHAMPVA_AMT_13
415,DVTWCP13,ALL_DENTAL_CARE___WORKERS_COMP_AMT_13
416,EATHLT42,DR_ADVISE_EAT_HEALTHY__2_17__R4_2
417,EDRECODE,EDUCATION_RECODE__EDITED_
418,EDUYRDG,YEAR_OF_EDUCATION_OR_HIGHEST_DEGREE
419,EICRDT13,DID_WILL_PERS_RECEIVE_EARNED_INC_CREDIT
420,ELGRND13,ELIGIBILITY_STATUS_AS_OF_12_31_13
421,ELGRND31,ELIGIBILITY___R3_1
422,ELGRND42,ELIGIBILITY___R4_2
423,ELGRND53,ELIGIBILITY___R5_3
424,EMPHAGED,AGE_OF_DIAGNOSIS_EMPHYSEMA
425,EMPHDX,EMPHYSEMA_DIAGNOSIS___17_
426,EMPST31,EMPLOYMENT_STATUS_RD_3_1
427,EMPST42,EMPLOYMENT_STATUS_RD_4_2
428,EMPST53,EMPLOYMENT_STATUS_RD_5_3
429,ENDRFM13,2013_REFERENCE_PERIOD_END_DATE__MONTH
430,ENDRFM31,R3_1_REFERENCE_PERIOD_END_DATE__MONTH
431,ENDRFM42,R4_2_REFERENCE_PERIOD_END_DATE__MONTH
432,ENDRFM53,R5_3_REFERENCE_PERIOD_END_DATE__MONTH
433,ENDRFY13,2013_REFERENCE_PERIOD_END_DATE__YEAR
434,ENDRFY31,R3_1_REFERENCE_PERIOD_END_DATE__YEAR
435,ENDRFY42,R4_2_REFERENCE_PERIOD_END_DATE__YEAR
436,ENDRFY53,R5_3_REFERENCE_PERIOD_END_DATE__YEAR
437,ENGCMF42,AC02_WHOLE_HH_COMFORTABLE_SPEAKNG_ENG_R2
438,ENGSPK42,AC02A_NOT_COMFORTABLE_SPEAKNG_ENGLISH_R2
439,ERDEXP13,TOTAL_EMERGENCY_ROOM_DR_EXP_13
440,ERDMCD13,ER_MEDICAID_AMT___DR_13
441,ERDMCR13,ER_MEDICARE_AMT___DR_13
442,ERDOFD13,ER_OTHER_FED_AMT___DR_13
443,ERDOPR13,ER___OTHER_PRIVATE_AMT___DR_13
444,ERDOPU13,ER___OTHER_PUBLIC_AMT___DR_13
445,ERDOSR13,ER_OTH_UNCLASS_SRCE_AMT___DR_13
446,ERDOTH13,ER_OTH_COMBINED_AMT___DR_13
447,ERDPRV13,ER_PRIVATE_INS_AMT___DR_13
448,ERDPTR13,ER_PRV___TRI_AMT___DR_13
449,ERDSLF13,ER_SELF_FAMILY_AMT___DR_13
450,ERDSTL13,ER_OTH_ST_LOCAL_AMT___DR_13
451,ERDTCH13,ER_DOCTOR_VISIT_CHARGES_13
452,ERDTRI13,ER_TRICARE_AMT___DR_13
453,ERDVA13,ER_VA_CHAMPVA_AMT___DR_13
454,ERDWCP13,ER_WORKERS_COMP_AMT___DR_13
455,ERFEXP13,TOTAL_ER_FACILITY_EXP_13
456,ERFMCD13,ER_MEDICAID_AMT___FAC_13
457,ERFMCR13,ER_MEDICARE_AMT___FAC_13
458,ERFOFD13,ER_OTHER_FEDERAL_AMT___FAC_13
459,ERFOPR13,ER_OTHER_PRIVATE_AMT___FAC_13
460,ERFOPU13,ER_OTHER_PUBLIC_AMT___FAC_13
461,ERFOSR13,ER_OTH_UNCLASS_SRCE_AMT___FAC_13
462,ERFOTH13,ER_OTH_COMBINED_AMT___FAC_13
463,ERFPRV13,ER_PRIVATE_INS_AMT___FAC_13
464,ERFPTR13,ER_PRV___TRI_AMT___FAC_13
465,ERFSLF13,ER_SELF_FAMILY_AMT___FAC_13
466,ERFSTL13,ER_OTH_ST_LOCAL_AMT___FAC_13
467,ERFTCH13,ER_FACILITY_VISIT_CHARGES_13
468,ERFTRI13,ER_TRICARE_AMT___FAC_13
469,ERFVA13,ER_VA_CHAMPVA_AMT___FAC_13
470,ERFWCP13,ER_WORKERS_COMP_AMT___FAC_13
471,ERTEXP13,TOTAL_ER_FACILITY_PLUS_DR_EXP_13
472,ERTMCD13,ER_MEDICAID_AMT__FACPLUSDR__13
473,ERTMCR13,ER_MEDICARE_AMT__FACPLUSDR__13
474,ERTOFD13,ER_OTHER_FED_AMT__FACPLUSDR__13
475,ERTOPR13,ER_OTH_PRIVATE_AMT__FACPLUSDR__13
476,ERTOPU13,ER_OTH_PUBLIC_AMT__FACPLUSDR__13
477,ERTOSR13,ER_OTH_UNCLASS_SRCE_AMT__FACPLUSDR__13
478,ERTOT13,NUM_EMERGENCY_ROOM_VISITS_13
479,ERTOTH13,ER__OTH_COMBINED_AMT__FACPLUSDR__13
480,ERTPRV13,ER_PRIV_INS_AMT__FACPLUSDR__13
481,ERTPTR13,ER_PRV___TRI_AMT__FACPLUSDR__13
482,ERTSLF13,ER_SELF_FAMILY_AMT__FACPLUSDR__13
483,ERTSTL13,ER_OTH_ST_LOCAL_AMT__FACPLUSDR__13
484,ERTTCH13,ER_FACILITY_PLUS_DR_VISIT_CHARGES_13
485,ERTTRI13,ER_TRICARE_AMT__FACPLUSDR__13
486,ERTVA13,ER_VA_CHAMPVA_AMT__FACPLUSDR__13
487,ERTWCP13,ER_WORKERS_COMP_AMT__FACPLUSDR__13
488,EVRETIRE,PERSON_HAS_EVER_RETIRED
489,EVRWRK,EVER_WRKD_FOR_PAY_IN_LIFE_AS_OF_12_31_13
490,EXPLOP42,AC30_PROV_EXPLNS_OPTIONS_TO_PERS_R4_2
491,EXRCIS53,ADVISED_TO_EXERCISE_MORE___17____RD_5_3
492,FAMID13,FAMILY_ID__STUDENT_MERGED_IN____12_31_13
493,FAMID31,FAMILY_ID__STUDENT_MERGED_IN____R3_1
494,FAMID42,FAMILY_ID__STUDENT_MERGED_IN____R4_2
495,FAMID53,FAMILY_ID__STUDENT_MERGED_IN____R5_3
496,FAMIDYR,ANNUAL_FAMILY_IDENTIFIER
497,FAMINC13,FAMILY_S_TOTAL_INCOME
498,FAMRFPYR,REFERENCE_PERSON_OF_ANNUALIZED_FAMILY
499,FAMS1231,FAMILY_SIZE_OF_RESPONDING_12_31_FAMILY
500,FAMSZE13,RU_SIZE_INCLUDING_STUDENT_AS_OF_12_31_13
501,FAMSZE31,RU_SIZE_INCLUDING_STUDENTS___R3_1
502,FAMSZE42,RU_SIZE_INCLUDING_STUDENTS___R4_2
503,FAMSZE53,RU_SIZE_INCLUDING_STUDENTS___R5_3
504,FAMSZEYR,SIZE_OF_RESPONDING_ANNUALIZED_FAMILY
505,FAMWT13C,POV_ADJ_FAMILY_WGT_CPS_FAM_ON_12_31_13
506,FAMWT13F,FINAL_FAMILY_WEIGHT__2013
507,FCRP1231,REF_PERSON_OF_12_31_CPS_FAMILY
508,FCSZ1231,FAM_SIZE_RESPONDING_12_31_CPS_FAMILY
509,FILEDR13,HAS_PERSON_FILED_A_FED_INCOME_TAX_RETURN
510,FILER13,PRIMARY_OR_SECONDARY_FILER
511,FLSTAT13,PERSON_S_FILING_STATUS
512,FLUSHT53,HOW_LNG_LAST_FLU_VACINATION___17__RD_5_3
513,FMRS1231,MEMBER_OF_RESPONDING_12_31_FAMILY
514,FNGRDF31,DIFFICULTY_USING_FINGERS_TO_GRASP_RD_3_1
515,FNGRDF53,DIFFICULTY_USING_FINGERS_TO_GRASP_RD_5_3
516,FOODMN13,NUMBER_OF_MONTHS_FOOD_STAMPS_PURCHASED
517,FOODST13,DID_ANYONE_PURCHASE_FOOD_STAMPS
518,FOODVL13,MONTHLY_VALUE_OF_FOOD_STAMPS
519,FSAAMT31,FSA_TOTAL_AMOUNT_FOR_RU___R3_1
520,FSAGT31,ANYONE_IN_RU_HAVE_FSA___R3_1
521,FTSTU13X,STUDENT_STATUS_IF_AGES_17_23___12_31_13
522,FTSTU31X,STUDENT_STATUS_IF_AGES_17_23___R3_1
523,FTSTU42X,STUDENT_STATUS_IF_AGES_17_23___R4_2
524,FTSTU53X,STUDENT_STATUS_IF_AGES_17_23___R5_3
525,GENDRP42,AC20_IS_PROVIDER_MALE_OR_FEMALE_R4_2
526,GOTOUS42,AC12_HOW_DOES_PERS_GET_TO_USC_PROV_R4_2
527,HASFSA31,PERSON_IS_FSA_HOLDER___R3_1
528,HAVEUS42,AC05_DOES_PERSON_HAVE_USC_PROVIDER_R4_2
529,HAVFUN42,PROBLEM_HAVING_FUN__5_17____R4_2
530,HEALTH42,AC08_OTH_REAS_NO_USC__HLTH_RELATED_R4_2
531,HEARAD42,PERSON_WEARS_HEARING_AID___RD_4_2
532,HELD31X,HEALTH_INSUR_HELD_FROM_RD_3_1_CMJ__ED_
533,HELD42X,HEALTH_INSUR_HELD_FROM_RD_4_2_CMJ__ED_
534,HELD53X,HEALTH_INSUR_HELD_FROM_RD_5_3_CMJ__ED_
535,HELMET42,DR_ADVISE_BIKE_HELMET__2_17__R4_2
536,HHAEXP13,TOTAL_HOME_HEALTH_AGENCY_EXP_13
537,HHAGD13,NUM_AGENCY_HOME_HEALTH_PROVIDER_DAYS_13
538,HHAMCD13,HOME_HLTH_AGENCY___MEDICAID_AMT_13
539,HHAMCR13,HOME_HLTH_AGENCY___MEDICARE_AMT_13
540,HHAOFD13,HOME_HLTH_AGENCY___OTHER_FED_AMT_13
541,HHAOPR13,HOME_HLTH_AGENCY___OTH_PRIVATE_AMT_13
542,HHAOPU13,HOME_HLTH_AGENCY___OTH_PUBLIC_AMT_13
543,HHAOSR13,H_HLTH_AGENCY___OT_UNCLASS_SRCE_AMT_13
544,HHAOTH13,HOME_HLTH_AGENCY___OTH_COMBINED_AMT_13
545,HHAPRV13,HOME_HLTH_AGENCY___PRIVATE_INS_AMT_13
546,HHAPTR13,HOME_HLTH_AGENCY___PRV___TRI_AMT_13
547,HHASLF13,HOME_HLTH_AGENCY___SELF_FAMILY_AMT_13
548,HHASTL13,HOME_HLTH_AGENCY_OTHR_ST_LOCAL_AMT_13
549,HHATCH13,HOME_HEALTH_AGENCY_VISIT_CHARGES_13
550,HHATRI13,HOME_HLTH_AGENCY_TRICARE_AMT_13
551,HHAVA13,HOME_HLTH_AGENCY_VA_CHAMPVA_AMT_13
552,HHAWCP13,HOME_HLTH_AGENCY___WORKERS_COMP_AMT_13
553,HHINDD13,NUM_NON_AGENCY_HOME_HEALTH_PROVIDR_DAYS_13
554,HHINFD13,NUM_INFORMAL_HOME_HEALTH_PROVIDER_DAYS_13
555,HHNEXP13,TOTAL_HOME_HEALTH_NON_AGNCY_EXP_13
556,HHNMCD13,HOME_HLTH_NON_AGNCY___MEDICAID_AMT_13
557,HHNMCR13,HOME_HLTH_NON_AGNCY___MEDICARE_AMT_13
558,HHNOFD13,HOME_HLTH_NON_AGNCY_OTHR_FED_AMT_13
559,HHNOPR13,HOME_HLTH_NON_AGNCY_OTH_PRIVATE_AMT_13
560,HHNOPU13,HOME_HLTH_NON_AGNCY_OTH_PUBLIC_AMT_13
561,HHNOSR13,H_HLTH_NON_AGNCY_OT_UNCLASS_SRCE_AMT_13
562,HHNOTH13,HOME_HLTH_NON_AGNCY_OTH_COMBINED_AMT_13
563,HHNPRV13,HOME_HLTH_NON_AGNCY___PRIV_INS_AMT_13
564,HHNPTR13,HOME_HLTH_NON_AGNCY___PRV___TRI_AMT_13
565,HHNSLF13,HOME_HLTH_NON_AGNCY___SELF_FAM_AMT_13
566,HHNSTL13,HOME_HLTH_NON_AGNCY_OTHR_ST_LOCL_AMT_13
567,HHNTCH13,HOME_HEALTH_NON_AGENCY_VISIT_CHARGES_13
568,HHNTRI13,HOME_HLTH_NON_AGNCY_TRICARE_AMT_13
569,HHNVA13,HOME_HLTH_NON_AGNCY_VA_CHAMPVA_AMT_13
570,HHNWCP13,HOME_HLTH_NON_AGNCY_WORKERS_COMP_AMT_13
571,HHTOTD13,NUM_HOME_HEALTH_PROVIDER_DAYS__2013
572,HIBPAGED,AGE_OF_DIAGNOSIS_HIGH_BLOOD_PRESSURE
573,HIBPDX,HIGH_BLOOD_PRESSURE_DIAG___17_
574,HIEUIDX,HIEU_IDENTIFIER
575,HISPANX,HISPANIC_ETHNICITY__EDITED_IMPUTED_
576,HISPCAT,SPECIFIC_HISPANIC_ETHNICITY_GROUP
577,HISPNCAT,HISPANIC_ETHNICITY__EDITED_IMPUTED_
578,HLTHLF42,CHILD_WILL_HAVE_HEALTHY_LIFE__0_17__R4_2
579,HOMEBH42,PROBLEM_W_BEHAVIOR_AT_HOME__5_17__R4_2
580,HONRDC31,HONORABLY_DISCHARGED_FROM_MILITARY
581,HONRDC42,HONORABLY_DISCHARGED_FROM_MILITARY
582,HONRDC53,HONORABLY_DISCHARGED_FROM_MILITARY
583,HOUR31,HOURS_PER_WEEK_AT_RD_3_1_CMJ
584,HOUR42,HOURS_PER_WEEK_AT_RD_4_2_CMJ
585,HOUR53,HOURS_PER_WEEK_AT_RD_5_3_CMJ
586,HPDAP13,HOLDER_OF_PRIV_INS__SOURCE_UNKNWN__APR13
587,HPDAU13,HOLDER_OF_PRIV_INS__SOURCE_UNKNWN__AUG13
588,HPDDE13,HOLDER_OF_PRIV_INS__SOURCE_UNKNWN__DEC13
589,HPDFE13,HOLDER_OF_PRIV_INS__SOURCE_UNKNWN__FEB13
590,HPDJA13,HOLDER_OF_PRIV_INS__SOURCE_UNKNWN__JAN13
591,HPDJL13,HOLDER_OF_PRIV_INS__SOURCE_UNKNWN__JUL13
592,HPDJU13,HOLDER_OF_PRIV_INS__SOURCE_UNKNWN__JUN13
593,HPDMA13,HOLDER_OF_PRIV_INS__SOURCE_UNKNWN__MAR13
594,HPDMY13,HOLDER_OF_PRIV_INS__SOURCE_UNKNWN__MAY13
595,HPDNO13,HOLDER_OF_PRIV_INS__SOURCE_UNKNWN__NOV13
596,HPDOC13,HOLDER_OF_PRIV_INS__SOURCE_UNKNWN__OCT13
597,HPDSE13,HOLDER_OF_PRIV_INS__SOURCE_UNKNWN__SEP13
598,HPEAP13,HOLDER_OF_EMPL_UNION_INS_IN_APR13
599,HPEAU13,HOLDER_OF_EMPL_UNION_INS_IN_AUG13
600,HPEDE13,HOLDER_OF_EMPL_UNION_INS_IN_DEC13
601,HPEFE13,HOLDER_OF_EMPL_UNION_INS_IN_FEB13
602,HPEJA13,HOLDER_OF_EMPL_UNION_INS_IN_JAN13
603,HPEJL13,HOLDER_OF_EMPL_UNION_INS_IN_JUL13
604,HPEJU13,HOLDER_OF_EMPL_UNION_INS_IN_JUN13
605,HPEMA13,HOLDER_OF_EMPL_UNION_INS_IN_MAR13
606,HPEMY13,HOLDER_OF_EMPL_UNION_INS_IN_MAY13
607,HPENO13,HOLDER_OF_EMPL_UNION_INS_IN_NOV13
608,HPEOC13,HOLDER_OF_EMPL_UNION_INS_IN_OCT13
609,HPESE13,HOLDER_OF_EMPL_UNION_INS_IN_SEP13
610,HPNAP13,HOLDER_OF_NONGROUP_INS_IN_APR13
611,HPNAU13,HOLDER_OF_NONGROUP_INS_IN_AUG13
612,HPNDE13,HOLDER_OF_NONGROUP_INS_IN_DEC13
613,HPNFE13,HOLDER_OF_NONGROUP_INS_IN_FEB13
614,HPNJA13,HOLDER_OF_NONGROUP_INS_IN_JAN13
615,HPNJL13,HOLDER_OF_NONGROUP_INS_IN_JUL13
616,HPNJU13,HOLDER_OF_NONGROUP_INS_IN_JUN13
617,HPNMA13,HOLDER_OF_NONGROUP_INS_IN_MAR13
618,HPNMY13,HOLDER_OF_NONGROUP_INS_IN_MAY13
619,HPNNO13,HOLDER_OF_NONGROUP_INS_IN_NOV13
620,HPNOC13,HOLDER_OF_NONGROUP_INS_IN_OCT13
621,HPNSE13,HOLDER_OF_NONGROUP_INS_IN_SEP13
622,HPOAP13,HOLDER_OF_OTHER_GROUP_INS_IN_APR13
623,HPOAU13,HOLDER_OF_OTHER_GROUP_INS_IN_AUG13
624,HPODE13,HOLDER_OF_OTHER_GROUP_INS_IN_DEC13
625,HPOFE13,HOLDER_OF_OTHER_GROUP_INS_IN_FEB13
626,HPOJA13,HOLDER_OF_OTHER_GROUP_INS_IN_JAN13
627,HPOJL13,HOLDER_OF_OTHER_GROUP_INS_IN_JUL13
628,HPOJU13,HOLDER_OF_OTHER_GROUP_INS_IN_JUN13
629,HPOMA13,HOLDER_OF_OTHER_GROUP_INS_IN_MAR13
630,HPOMY13,HOLDER_OF_OTHER_GROUP_INS_IN_MAY13
631,HPONO13,HOLDER_OF_OTHER_GROUP_INS_IN_NOV13
632,HPOOC13,HOLDER_OF_OTHER_GROUP_INS_IN_OCT13
633,HPOSE13,HOLDER_OF_OTHER_GROUP_INS_IN_SEP13
634,HPRAP13,HOLDER_OF_PRIVATE_INSURANCE_IN_APR13
635,HPRAU13,HOLDER_OF_PRIVATE_INSURANCE_IN_AUG13
636,HPRDE13,HOLDER_OF_PRIVATE_INSURANCE_IN_DEC13
637,HPRFE13,HOLDER_OF_PRIVATE_INSURANCE_IN_FEB13
638,HPRJA13,HOLDER_OF_PRIVATE_INSURANCE_IN_JAN13
639,HPRJL13,HOLDER_OF_PRIVATE_INSURANCE_IN_JUL13
640,HPRJU13,HOLDER_OF_PRIVATE_INSURANCE_IN_JUN13
641,HPRMA13,HOLDER_OF_PRIVATE_INSURANCE_IN_MAR13
642,HPRMY13,HOLDER_OF_PRIVATE_INSURANCE_IN_MAY13
643,HPRNO13,HOLDER_OF_PRIVATE_INSURANCE_IN_NOV13
644,HPROC13,HOLDER_OF_PRIVATE_INSURANCE_IN_OCT13
645,HPRSE13,HOLDER_OF_PRIVATE_INSURANCE_IN_SEP13
646,HPSAP13,HOLDER_OF_SELF_EMP_1_INS_IN_APR13
647,HPSAU13,HOLDER_OF_SELF_EMP_1_INS_IN_AUG13
648,HPSDE13,HOLDER_OF_SELF_EMP_1_INS_IN_DEC13
649,HPSFE13,HOLDER_OF_SELF_EMP_1_INS_IN_FEB13
650,HPSJA13,HOLDER_OF_SELF_EMP_1_INS_IN_JAN13
651,HPSJL13,HOLDER_OF_SELF_EMP_1_INS_IN_JUL13
652,HPSJU13,HOLDER_OF_SELF_EMP_1_INS_IN_JUN13
653,HPSMA13,HOLDER_OF_SELF_EMP_1_INS_IN_MAR13
654,HPSMY13,HOLDER_OF_SELF_EMP_1_INS_IN_MAY13
655,HPSNO13,HOLDER_OF_SELF_EMP_1_INS_IN_NOV13
656,HPSOC13,HOLDER_OF_SELF_EMP_1_INS_IN_OCT13
657,HPSSE13,HOLDER_OF_SELF_EMP_1_INS_IN_SEP13
658,HRHOW31,HOW_HOURLY_WAGE_WAS_CALCULATED_RD_3_1
659,HRHOW42,HOW_HOURLY_WAGE_WAS_CALCULATED_RD_4_2
660,HRHOW53,HOW_HOURLY_WAGE_WAS_CALCULATED_RD_5_3
661,HRWG31X,HOURLY_WAGE_RD_3_1_CMJ__IMP_
662,HRWG42X,HOURLY_WAGE_RD_4_2_CMJ__IMP_
663,HRWG53X,HOURLY_WAGE_RD_5_3_CMJ__IMP_
664,HRWGIM31,HRWG31X_IMPUTATION_FLAG
665,HRWGIM42,HRWG42X_IMPUTATION_FLAG
666,HRWGIM53,HRWG53X_IMPUTATION_FLAG
667,HSELIM31,HOUSEWORK_LIMITATION___RD_3_1
668,HSELIM53,HOUSEWORK_LIMITATION___RD_5_3
669,HSPLAP42,AC18_IS_PROVIDER_HISPANIC_OR_LATINO_R4_2
670,HWELLSPE,HOW_WELL_PERSON_SPEAKS_ENGLISH
671,HYSTER53,HAD_A_HYSTERECTOMY___17____RD_5_3
672,IADL3M31,IADL_HELP_3PLUS_MONTHS___RD_3_1
673,IADLHP31,IADL_SCREENER___RD_3_1
674,IADLHP53,IADL_SCREENER___RD_5_3
675,INDCAT31,INDUSTRY_GROUP_RD_3_1_CMJ
676,INDCAT42,INDUSTRY_GROUP_RD_4_2_CMJ
677,INDCAT53,INDUSTRY_GROUP_RD_5_3_CMJ
678,INS13X,INSURED_ON_12_31_13__ED_
679,INS31X,INSURED___R3_1_INT_DATE__ED_
680,INS42X,INSURED___R4_2_INT_DATE__ED_
681,INS53X,INSURED_ON_12_31_R5_R3_INT_DATE__ED_
682,INSAP13X,COVR_BY_HOSP_MED_INS_IN_APR13__ED_
683,INSAT13X,INSURED_ANY_TIME_IN_R5_R3
684,INSAT31X,INSURED_ANY_TIME_IN_R3_1
685,INSAT42X,INSURED_ANY_TIME_IN_R4_2
686,INSAT53X,INSURED_ANY_TIME_IN_R5_3
687,INSAU13X,COVR_BY_HOSP_MED_INS_IN_AUG13__ED_
688,INSC1231,INSCOPE_STATUS_ON_12_31_13
689,INSCOP13,INSCOPE___R5_3_START_THROUGH_12_31_13
690,INSCOP31,INSCOPE___R3_1
691,INSCOP42,INSCOPE___R4_2
692,INSCOP53,INSCOPE___R5_3
693,INSCOPE,WAS_PERSON_EVER_INSCOPE_IN_2013
694,INSCOV13,HEALTH_INSURANCE_COVERAGE_INDICATOR_13
695,INSDE13X,COVR_BY_HOSP_MED_INS_IN_DEC13__ED_
696,INSENDMM,MONTH_MOST_RECENTLY_COVD_PANEL_18_ONLY
697,INSENDYY,YEAR_MOST_RECENTLY_COVD_PANEL_18_ONLY
698,INSFE13X,COVR_BY_HOSP_MED_INS_IN_FEB13__ED_
699,INSJA13X,COVR_BY_HOSP_MED_INS_IN_JAN13__ED_
700,INSJL13X,COVR_BY_HOSP_MED_INS_IN_JUL13__ED_
701,INSJU13X,COVR_BY_HOSP_MED_INS_IN_JUN13__ED_
702,INSMA13X,COVR_BY_HOSP_MED_INS_IN_MAR13__ED_
703,INSMY13X,COVR_BY_HOSP_MED_INS_IN_MAY13__ED_
704,INSNO13X,COVR_BY_HOSP_MED_INS_IN_NOV13__ED_
705,INSOC13X,COVR_BY_HOSP_MED_INS_IN_OCT13__ED_
706,INSRPL42,AC08_OTH_REAS_NO_USC_JUST_CHNGD_INS_R4_2
707,INSSE13X,COVR_BY_HOSP_MED_INS_IN_SEP13__ED_
708,INSURC13,FULL_YEAR_INSURANCE_COVERAGE_STATUS_2013
709,INTIMP13,INTEREST_INCOME_IMPUTATION_FLAG
710,INTRP13X,PERSON_S_INTEREST_INCOME
711,INTVLANG,LANGUAGE_INTERVIEW_WAS_COMPLETED
712,IPDEXP13,TOTL_HOSP_STAZ_DR_EXP_13
713,IPDIS13,NUM_HOSPITAL_DISCHARGES__2013
714,IPDMCD13,IP_HOSP_STAZ_MEDICAID_AMT_DR_13
715,IPDMCR13,IP_HOSP_STAZ_MEDICARE_AMT__DR_13
716,IPDOFD13,IP_HOSP_STAZ_OTHER_FED_AMT_DR_13
717,IPDOPR13,IP_HOSP_STAZ___OTH_PRIVATE_AMT_DR_13
718,IPDOPU13,IP_HOSP_STAZ___OTH_PUBLIC_AMT_DR_13
719,IPDOSR13,IP_HOSP_STAZ_OT_UNCLASS_SORCE_AMT_DR_13
720,IPDOTH13,IP_HOSP_STAZ_OTH_COMBINED_AMT_DR_13
721,IPDPRV13,IP_HOSP_STAZ_PRIV_INS_AMT_DR_13
722,IPDPTR13,IP_HOSP_STAZ_PRV___TRI_AMT_DR_13
723,IPDSLF13,IP_HOSP_STAZ_SELF_FAMILY_AMT_DR_13
724,IPDSTL13,IP_HOSP_STAZ_OTH_ST_LOCAL_AMT_DR_13
725,IPDTCH13,IP_HOSP_STAY_CHARGES___DR_13
726,IPDTRI13,IP_HOSP_STAZ_TRICARE_AMT_DR_13
727,IPDVA13,IP_HOSP_STAZ_VA_CHAMPVA_AMT_DR_13
728,IPDWCP13,IP_HOSP_STAZ_WORKERS_COMP_AMT_DR_13
729,IPFEXP13,TOT_HOSP_IP_FACILITY_EXP_INC_0_NITES_13
730,IPFMCD13,IP_HOSP_STAZ_MEDICAID_AMT_FAC_13
731,IPFMCR13,IP_HOSP_STAZ_MEDICARE_AMT_FAC_13
732,IPFOFD13,IP_HOSP_STAZ_OTHER_FED_AMT_FAC_13
733,IPFOPR13,IP_HOSP_STAZ___OTH_PRIVATE_AMT_FAC_13
734,IPFOPU13,IP_HOSP_STAZ___OTH_PUBLIC_AMT_FAC_13
735,IPFOSR13,IP_HOSP_STAZ_OT_UNCLASS_SRCE_AMT_FAC_13
736,IPFOTH13,IP_HOSP_STAZ_OTH_COMBINED_AMT_FAC_13
737,IPFPRV13,IP_HOSP_STAZ_PRIV_INS_AMT_FAC_13
738,IPFPTR13,IP_HOSP_STAZ_PRV___TRI_AMT_FAC_13
739,IPFSLF13,IP_HOSP_STAZ_SELF_FAMILY_AMT_FAC_13
740,IPFSTL13,IP_HOSP_STAZ_OTH_ST_LOCAL_AMT_FAC_13
741,IPFTCH13,IP_HOSP_STAY_CHARGES___FAC_13
742,IPFTRI13,IP_HOSP_STAZ_TRICARE_AMT_FAC_13
743,IPFVA13,IP_HOSP_STAZ_VA_CHAMPVA_AMT_FAC_13
744,IPFWCP13,IP_HOSP_STAZ_WORKERS_COMP_AMT_FAC_13
745,IPNGTD13,NUM_NIGHTS_IN_HOSP_FOR_DISCHARGES__2013
746,IPTEXP13,TOT_HOSP_IP_FACILITY_PLUS_DR_EXP_13
747,IPTMCD13,IP_HOSP_STAZ_MEDICAID_AMT__FACPLUSDR__13
748,IPTMCR13,IP_HOSP_STAZ_MEDICARE_AMT__FACPLUSDR__13
749,IPTOFD13,IP_HOSP_STAZ_OTHER_FED_AMT__FACPLUSDR__13
750,IPTOPR13,IP_HOSP_STAZ_OTH_PRIVATE_AMT__FACPLUSDR__13
751,IPTOPU13,IP_HOSP_STAZ_OTH_PUBLIC_AMT__FACPLUSDR__13
752,IPTOSR13,IP_HSP_STAZ_OTH_UNCLS_SRC_AMT_FACPLUSDR__13
753,IPTOTH13,IP_HOSP_STAZ_OTH_COMBINED_AMT_FACPLUSDR__13
754,IPTPRV13,IP_HOSP_STAZ_PRIV_INS_AMT__FACPLUSDR__13
755,IPTPTR13,IP_HOSP_STAZ_PRV___TRI_AMT__FACPLUSDR__13
756,IPTSLF13,IP_HOSP_STAZ_SELF_FAMILY_AMT__FACPLUSDR__13
757,IPTSTL13,IP_HSP_STAZ_OTH_ST_LOCAL_AMT__FACPLUSDR__13
758,IPTTCH13,IP_HOSP_STAY_CHARGES__FACPLUSDR__13
759,IPTTRI13,IP_HOSP_STAZ_TRICARE_AMT__FACPLUSDR__13
760,IPTVA13,IP_HOSP_STAZ_VA_CHAMPVA_AMT__FACPLUSDR__13
761,IPTWCP13,IP_HOSP_STAZ_WRKRS_COMP_AMT__FACPLUSDR__13
762,IPZERO13,NUM_ZERO_NIGHT_HOSPITAL_STAYS_13
763,IRAIMP13,IRA_INCOME_IMPUTATION_FLAG
764,IRASP13X,PERSON_S_IRA_INCOME
765,JNTPID13,PID_OF_SECONDARY_FILER
766,JOBORG31,PRIV__PROFIT_NONPROFIT__GOV_RD_3_1_CMJ
767,JOBORG42,PRIV__PROFIT_NONPROFIT__GOV_RD_4_2_CMJ
768,JOBORG53,PRIV__PROFIT_NONPROFIT__GOV_RD_5_3_CMJ
769,JOBRSN42,AC08_OTH_REAS_NO_USC__JOB_RELATED_R4_2
770,JTINRU13,JOINT_FILER_S_MEMBERSHIP_IN_RU
771,JTPAIN31,JOINT_PAIN_LAST_12_MONTHS___17____RD_3_1
772,JTPAIN53,JOINT_PAIN_LAST_12_MONTHS___17____RD_5_3
773,K6SUM42,SAQ_30_DAYS__OVERALL_RATING_OF_FEELINGS
774,KEYNESS,PERSON_KEY_STATUS
775,KIDPRO42,PRBLM_GETTING_ALONG_W_KIDS__5_17__R4_2
776,KNOWDR42,AC08_OTH_REAS_NO_USC__KNOWS_IS_A_DR_R4_2
777,LANGHM42,AC01_LANGUAGE_SPOKEN_MOST_IN_HOME_R2
778,LANGPR42,AC31_PROV_SPEAKS_PERSON_S_LANGUAGE_P17R2
779,LANGSPK,LANGUAGE_SPOKEN_AT_HOME_OTHER_THAN_ENGL
780,LAPBLT42,DR_ADVISE_LAP_SHOULDER_BELT__80_WT__R4_2
781,LFTDIF31,DIFFICULTY_LIFTING_10_POUNDS___RD_3_1
782,LFTDIF53,DIFFICULTY_LIFTING_10_POUNDS___RD_5_3
783,LIVEUS42,AC04_NUMBER_YEARS_PERSON_LIVED_IN_US_R2
784,LOCATN42,USC_LOCATION_R4_2
785,LSHLTH42,LESS_HEALTHY_THAN_OTHR_CHILD__0_17__R4_2
786,LSTETH53,LOST_ALL_UPPR_AND_LOWR_TEETH___17__RD5_3
787,MAMOGR53,HOW_LNG_SNCE_LST_MAMMOGRAM___29____RD5_3
788,MARRY13X,MARITAL_STATUS_12_31_13__EDITED_IMPUTED_
789,MARRY31X,MARITAL_STATUS___R3_1__EDITED_IMPUTED_
790,MARRY42X,MARITAL_STATUS___R4_2__EDITED_IMPUTED_
791,MARRY53X,MARITAL_STATUS___R5_3__EDITED_IMPUTED_
792,MCAID13,MEDICAID_OR_SCHIP_ON_12_31_13
793,MCAID13X,MEDICAID_OR_SCHIP_ON_12_31_13__ED_
794,MCAID31,COV_BY_MEDICAID_OR_SCHIP___R3_1_INT_DT
795,MCAID31X,COV_BY_MEDICAID_SCHIP___R3_1_INT_DT__ED_
796,MCAID42,COV_BY_MEDICAID_OR_SCHIP___R4_2_INT_DT
797,MCAID42X,COV_BY_MEDICAID_SCHIP___R4_2_INT_DT__ED_
798,MCAID53,MEDICAID_OR_SCHIP_ON_12_31_R5_R3_INT_DT
799,MCAID53X,MEDICAID_SCHP_ON_12_31_R5_R3_INT_DT__ED_
800,MCARE13,MEDICARE_ON_12_31_13
801,MCARE13X,MEDICARE_ON_12_31_13__ED_
802,MCARE31,COV_BY_MEDICARE___R3_1_INT_DT
803,MCARE31X,COV_BY_MEDICARE___R3_1_INT_DT__ED_
804,MCARE42,COV_BY_MEDICARE___R4_2_INT_DT
805,MCARE42X,COV_BY_MEDICARE___R4_2_INT_DT__ED_
806,MCARE53,MEDICARE_ON_12_31_R5_R3_INT_DT
807,MCARE53X,MEDICARE_ON_12_31_R5_R3_INT_DT__ED_
808,MCDAP13,COV_BY_MEDICAID_OR_SCHIP_IN_APR13
809,MCDAP13X,COV_BY_MEDICAID_OR_SCHIP_IN_APR13__ED_
810,MCDAT13X,MEDICAID_OR_SCHIP_ANY_TIME_IN_R5_R3
811,MCDAT31X,ANY_TIME_COV_MEDICAID_OR_SCHIP___R3_1
812,MCDAT42X,ANY_TIME_COV_MEDICAID_OR_SCHIP___R4_2
813,MCDAT53X,ANY_TIME_COV_MEDICAID_OR_SCHIP___R5_3
814,MCDAU13,COV_BY_MEDICAID_OR_SCHIP_IN_AUG13
815,MCDAU13X,COV_BY_MEDICAID_OR_SCHIP_IN_AUG13__ED_
816,MCDDE13,COV_BY_MEDICAID_OR_SCHIP_IN_DEC13
817,MCDDE13X,COV_BY_MEDICAID_OR_SCHIP_IN_DEC13__ED_
818,MCDEV13,EVER_HAVE_MEDICAID_SCHIP_DURING_13__ED_
819,MCDFE13,COV_BY_MEDICAID_OR_SCHIP_IN_FEB13
820,MCDFE13X,COV_BY_MEDICAID_OR_SCHIP_IN_FEB13__ED_
821,MCDHMO13,MEDICAID_OR_SCHIP_HMO_ANY_TIME_IN_R5_R3
822,MCDHMO31,COVERED_BY_MEDICAID_OR_SCHIP_HMO___R3_1
823,MCDHMO42,COVERED_BY_MEDICAID_OR_SCHIP_HMO___R4_2
824,MCDJA13,COV_BY_MEDICAID_OR_SCHIP_IN_JAN13
825,MCDJA13X,COV_BY_MEDICAID_OR_SCHIP_IN_JAN13__ED_
826,MCDJL13,COV_BY_MEDICAID_OR_SCHIP_IN_JUL13
827,MCDJL13X,COV_BY_MEDICAID_OR_SCHIP_IN_JUL13__ED_
828,MCDJU13,COV_BY_MEDICAID_OR_SCHIP_IN_JUN13
829,MCDJU13X,COV_BY_MEDICAID_OR_SCHIP_IN_JUN13__ED_
830,MCDMA13,COV_BY_MEDICAID_OR_SCHIP_IN_MAR13
831,MCDMA13X,COV_BY_MEDICAID_OR_SCHIP_IN_MAR13__ED_
832,MCDMC13,MCAID_SCHIP_GTKEEPR_PLAN_ANY_TIME_R5_R3
833,MCDMC31,COV_BY_MCAID_SCHIP_GATEKEEPER_PLAN_R3_1
834,MCDMC42,COV_BY_MCAID_SCHIP_GATEKEEPER_PLAN_R4_2
835,MCDMY13,COV_BY_MEDICAID_OR_SCHIP_IN_MAY13
836,MCDMY13X,COV_BY_MEDICAID_OR_SCHIP_IN_MAY13__ED_
837,MCDNO13,COV_BY_MEDICAID_OR_SCHIP_IN_NOV13
838,MCDNO13X,COV_BY_MEDICAID_OR_SCHIP_IN_NOV13__ED_
839,MCDOC13,COV_BY_MEDICAID_OR_SCHIP_IN_OCT13
840,MCDOC13X,COV_BY_MEDICAID_OR_SCHIP_IN_OCT13__ED_
841,MCDSE13,COV_BY_MEDICAID_OR_SCHIP_IN_SEP13
842,MCDSE13X,COV_BY_MEDICAID_OR_SCHIP_IN_SEP13__ED_
843,MCRAP13,COVERED_BY_MEDICARE_IN_APR13
844,MCRAP13X,COVERED_BY_MEDICARE_IN_APR13__ED_
845,MCRAU13,COVERED_BY_MEDICARE_IN_AUG13
846,MCRAU13X,COVERED_BY_MEDICARE_IN_AUG13__ED_
847,MCRDE13,COVERED_BY_MEDICARE_IN_DEC13
848,MCRDE13X,COVERED_BY_MEDICARE_IN_DEC13__ED_
849,MCREV13,EVER_HAVE_MEDICARE_DURING_13__ED_
850,MCRFE13,COVERED_BY_MEDICARE_IN_FEB13
851,MCRFE13X,COVERED_BY_MEDICARE_IN_FEB13__ED_
852,MCRJA13,COVERED_BY_MEDICARE_IN_JAN13
853,MCRJA13X,COVERED_BY_MEDICARE_IN_JAN13__ED_
854,MCRJL13,COVERED_BY_MEDICARE_IN_JUL13
855,MCRJL13X,COVERED_BY_MEDICARE_IN_JUL13__ED_
856,MCRJU13,COVERED_BY_MEDICARE_IN_JUN13
857,MCRJU13X,COVERED_BY_MEDICARE_IN_JUN13__ED_
858,MCRMA13,COVERED_BY_MEDICARE_IN_MAR13
859,MCRMA13X,COVERED_BY_MEDICARE_IN_MAR13__ED_
860,MCRMY13,COVERED_BY_MEDICARE_IN_MAY13
861,MCRMY13X,COVERED_BY_MEDICARE_IN_MAY13__ED_
862,MCRNO13,COVERED_BY_MEDICARE_IN_NOV13
863,MCRNO13X,COVERED_BY_MEDICARE_IN_NOV13__ED_
864,MCROC13,COVERED_BY_MEDICARE_IN_OCT13
865,MCROC13X,COVERED_BY_MEDICARE_IN_OCT13__ED_
866,MCRPB13,MEDICARE_PART_B_ANY_TIME_IN_R5_R3
867,MCRPB31,COV_BY_MEDICARE_PART_B___R3_1
868,MCRPB42,COV_BY_MEDICARE_PART_B___R4_2
869,MCRPD13,MEDICARE_PMED_BENEFIT_ANY_TIME_IN_R5_R3
870,MCRPD13X,MCARE_PMED_BENEFIT_ANY_TIME_R5_R3__ED_
871,MCRPD31,COV_BY_MEDICARE_PMED_BENEFIT___R3_1
872,MCRPD31X,COV_BY_MEDICARE_PMED_BENEFIT___R3_1__ED_
873,MCRPD42,COV_BY_MEDICARE_PMED_BENEFIT___R4_2
874,MCRPD42X,COV_BY_MEDICARE_PMED_BENEFIT___R4_2__ED_
875,MCRPHO13,MEDICARE_MANAGED_CARE_ANY_TIME_IN_R5_R3
876,MCRPHO31,COV_BY_MEDICARE_MANAGED_CARE___R3_1
877,MCRPHO42,COV_BY_MEDICARE_MANAGED_CARE___R4_2
878,MCRSE13,COVERED_BY_MEDICARE_IN_SEP13
879,MCRSE13X,COVERED_BY_MEDICARE_IN_SEP13__ED_
880,MCS42,SAQ_MNT_COMPONENT_SUMMRY_SF_12V2_IMPUTED
881,MDDLAY42,DELAYED_IN_GETTING_NECSRY_MED_CARE_R4_2
882,MDDLPR42,AC39_PRB_DLAYD_GETTING_NEC_MED_CARE_R4_2
883,MDDLRS42,AC38_RSN_DLAYD_GETTING_NEC_MED_CARE_R4_2
884,MDUNAB42,UNABLE_TO_GET_NECESSRY_MEDICAL_CARE_R4_2
885,MDUNPR42,AC35_PRB_NOT_GETTING_NCSRY_MED_CARE_R4_2
886,MDUNRS42,AC34_RSN_UNABLE_GET_NECSRY_MED_CARE_R4_2
887,MESBPR42,DR_CHECKED_BLOOD_PRESSURE__2_17__R4_2
888,MESHGT42,DOCTOR_EVER_MEASURED_HEIGHT__0_17__R4_2
889,MESVIS42,DOCTOR_CHECKED_CHILD_S_VISION__3_6__R4_2
890,MESWGT42,DOCTOR_EVER_MEASURED_WEIGHT__0_17__R4_2
891,MIAGED,AGE_OF_DIAGNOSIS_HEART_ATTACK_MI_
892,MIDX,HEART_ATTACK__MI__DIAG___17_
893,MILDIF31,DIFFICULTY_WALKING_A_MILE___RD_3_1
894,MILDIF53,DIFFICULTY_WALKING_A_MILE___RD_5_3
895,MINORP42,AC22_GO_TO_USC_FOR_NEW_HEALTH_PROB_R4_2
896,MNHLTH31,PERCEIVED_MENTAL_HEALTH_STATUS___RD_3_1
897,MNHLTH42,PERCEIVED_MENTAL_HEALTH_STATUS___RD_4_2
898,MNHLTH53,PERCEIVED_MENTAL_HEALTH_STATUS___RD_5_3
899,MOMPRO42,PROBLEM_GETTING_ALONG_W_MOM__5_17__R4_2
900,MOPID31X,PID_OF_PERSON_S_MOM___RD_3_1
901,MOPID42X,PID_OF_PERSON_S_MOM___RD_4_2
902,MOPID53X,PID_OF_PERSON_S_MOM___RD_5_3
903,MORE31,RD_3_1_CMJ_FIRM_HAS_MORE_THAN_1_LOCAT
904,MORE42,RD_4_2_CMJ_FIRM_HAS_MORE_THAN_1_LOCAT
905,MORE53,RD_5_3_CMJ_FIRM_HAS_MORE_THAN_1_LOCAT
906,MORECOVR,COV_BY_MOR_COMPR_PL_PREV_2_YR_PN_18_ONLY
907,MORJOB31,HAS_MORE_THAN_ONE_JOB_RD_3_1_INT_DATE
908,MORJOB42,HAS_MORE_THAN_ONE_JOB_RD_4_2_INT_DATE
909,MORJOB53,HAS_MORE_THAN_ONE_JOB_RD_5_3_INT_DATE
910,MYSELF42,AC08_OTH_REAS_NO_USC_NO_DOC_TRT_SLF_R4_2
911,NATAMP42,AC19_IS_PROVIDER_NATIVE_AMERICAN_R4_2
912,NERVAF42,PRBLM_FEELING_NERVOUS_AFRAID__5_17__R4_2
913,NEVILL42,NEVER_BEEN_SERIOUSLY_ILL__0_17__R4_2
914,NEWARE42,AC08_OTH_REAS_NO_USC_RECENTLY_MOVED_R4_2
915,NEWDOC42,AC08_OTH_REAS_NO_USC__LOOKNG_FOR_DR_R4_2
916,NHRWG31,UPDATED_HRLY_WAGE_RD_3_1_CMJ__EDITED_
917,NHRWG42,UPDATED_HRLY_WAGE_RD_4_2_CMJ__EDITED_
918,NHRWG53,UPDATED_HRLY_WAGE_RD_5_3_CMJ__EDITED_
919,NOASPR53,TAKING_ASPIRIN_UNSAFE___17____RD_5_3
920,NOFAT53,RESTRICT_HGH_FAT_CHOLES_FOOD___17__RD5_3
921,NOGODR42,AC08_OTH_REAS_NO_USC__WONT_GO_TO_DR_R4_2
922,NOHINS42,AC08_OTH_REAS_NO_USC_NO_HLTH_INSRNC_R4_2
923,NOINSBEF,EVR_WOUT_HLTH_INSR_PREV_YR_PANEL_18_ONLY
924,NOINSTM,NUM_WKS_MON_WOUT_HLTH_INS_PRV_YR_PN_18_ONL
925,NOINUNIT,UNIT_OF_TIME_WOUT_HLTH_INS_PANEL_18_ONLY
926,NOLIKE42,AC08_OTH_REAS_NO_USC__DONT_LIKE_DRS_R4_2
927,NOREAS42,AC08_OTH_REAS_NO_USC_NO_OTH_REASONS_R4_2
928,NOSMOK42,DR_ADVISE_SMKG_IN_HOME_IS_BAD_0_17__R4_2
929,NUMEMP31,NUMBER_OF_EMPLOYEES_AT_RD_3_1_CMJ
930,NUMEMP42,NUMBER_OF_EMPLOYEES_AT_RD_4_2_CMJ
931,NUMEMP53,NUMBER_OF_EMPLOYEES_AT_RD_5_3_CMJ
932,NWK31,REASON_NOT_WORKING_DURING_RD_3_1
933,NWK42,REASON_NOT_WORKING_DURING_RD_4_2
934,NWK53,REASON_NOT_WORKING_DURING_RD_5_3
935,OBAEXP13,TOTAL_OFF_BASED_PHYS_ASS_T_EXP_13
936,OBAMCD13,PHYS_ASS_T_OFF_VSTS___MEDICAID_AMT_13
937,OBAMCR13,PHYS_ASS_T_OFF_VSTS___MEDICARE_AMT_13
938,OBAOFD13,PHYS_ASS_T_OFF_VSTS___OTHER_FED_AMT_13
939,OBAOPR13,PHYS_ASS_T_OFF_VSTS___OTH_PRIVATE_AMT_13
940,OBAOPU13,PHYS_ASS_T_OFF_VSTS___OTH_PUBLIC_AMT_13
941,OBAOSR13,P_A_OFF_VSTS___OTH_UNCLASS_SRCE_AMT_13
942,OBAOTH13,PHYS_ASST_OFF_VSTS___OTH_COMBINED_AMT_13
943,OBAPRV13,PHYS_ASS_T_OFF_VSTS___PRIVATE_INS_AMT_13
944,OBAPTR13,PHYS_ASST_OFF_VSTS___PRV___TRI_AMT_13
945,OBASLF13,PHYS_ASS_T_OFF_VSTS___SELF_FAMILY_AMT_13
946,OBASST13,NUM_OFF_BASED_PHYSICIAN_ASSIST_VISITS_13
947,OBASTL13,PHYS_ASS_T_OFF_VSTS___OTH_ST_LOCL_AMT_13
948,OBATCH13,OFFICE_BASED_PHYS_ASST_VISIT_CHARGES_13
949,OBATRI13,PHYS_ASS_T_OFF_VSTS___TRICARE_AMT_13
950,OBAVA13,PHYS_ASS_T_OFF_VSTS___VA_CHAMPVA_AMT_13
951,OBAWCP13,PHYS_ASS_T_OFF_VSTS_WORKERS_COMP_AMT_13
952,OBCEXP13,TOTAL_OFF_BASED_CHIRO_EXP_13
953,OBCHIR13,NUM_OFFICE_BASED_CHIROPRACTOR_VISITS_13
954,OBCMCD13,CHIRO_OFF_VISITS___MEDICAID_AMT_13
955,OBCMCR13,CHIRO_OFF_VISITS___MEDICARE_AMT_13
956,OBCOFD13,CHIRO_OFF_VISITS___OTHER_FEDERAL_AMT_13
957,OBCOPR13,CHIRO_OFF_VISTS___OTHR_PRIVATE_AMT_13
958,OBCOPU13,CHIRO_OFF_VISTS___OTHR_PUBLIC_AMT_13
959,OBCOSR13,CHIRO_OFF_VSTS_OTHR_UNCLASS_SRCE_AMT_13
960,OBCOTH13,CHIRO_OFF_VISITS__OTH_COMBINED_AMT_13
961,OBCPRV13,CHIRO_OFF_VISITS___PRIVATE_INS_AMT_13
962,OBCPTR13,CHIRO_OFF_VISITS___PRV___TRI_AMT_13
963,OBCSLF13,CHIRO_OFF_VISITS___SELF_FAMILY_AMT_13
964,OBCSTL13,CHIRO_OFF_VISITS___OTH_ST_LOCAL_AMT_13
965,OBCTCH13,OFFICE_BASED_CHIRO_VISIT_CHARGES_13
966,OBCTRI13,CHIRO_OFF_VISITS___TRICARE_AMT_13
967,OBCVA13,CHIRO_OFF_VISITS___VA_CHAMPVA_AMT_13
968,OBCWCP13,CHIRO_OFF_VISITS___WORKERS_COMP_AMT_13
969,OBDEXP13,TOTAL_OFF_BASED_DR_EXP_13
970,OBDMCD13,DR_OFFICE_VISITS___MEDICAID_AMT_13
971,OBDMCR13,DR_OFFICE_VISITS___MEDICARE_AMT_13
972,OBDOFD13,DR_OFFICE_VISITS___OTHER_FEDERAL_AMT_13
973,OBDOPR13,DR_OFFICE_VISITS___OTH_PRIVATE_AMT_13
974,OBDOPU13,DR_OFFICE_VISITS___OTH_PUBLIC_AMT_13
975,OBDOSR13,DR_OFF_VSTS___OTH_UNCLASS_SRCE_AMT_13
976,OBDOTH13,DR_OFFICE_VISITS___OTH_COMBINED_AMT_13
977,OBDPRV13,DR_OFFICE_VISITS___PRIVATE_INS_AMT_13
978,OBDPTR13,DR_OFFICE_VISITS___PRV___TRI_AMT_13
979,OBDRV13,NUM_OFFICE_BASED_PHYSICIAN_VISITS_13
980,OBDSLF13,DR_OFFICE_VISITS___SELF_FAMILY_AMT_13
981,OBDSTL13,DR_OFFICE_VISITS___OTH_ST_LOCAL_AMT_13
982,OBDTCH13,OFFICE_BASED_PHYSICIAN_VISIT_CHARGES_13
983,OBDTRI13,DR_OFFICE_VISITS___TRICARE_AMT_13
984,OBDVA13,DR_OFFICE_VISITS___VA_CHAMPVA_AMT_13
985,OBDWCP13,DR_OFFICE_VISITS___WORKERS_COMP_AMT_13
986,OBEEXP13,TOTAL_OFF_BASED_OPTOMETRIST_EXP_13
987,OBEMCD13,OPTOMETRIST_OFF_VSTS___MEDICAID_AMT_13
988,OBEMCR13,OPTOMETRIST_OFF_VSTS___MEDICARE_AMT_13
989,OBEOFD13,OPTOMETRIST_OFF_VSTS_OTH_FEDERAL_AMT_13
990,OBEOPR13,OPTOMETRIST_OFF_VSTS_OTH_PRIVATE_AMT_13
991,OBEOPU13,OPTOMETRIST_OFF_VSTS___OTH_PUBLIC_AMT_13
992,OBEOSR13,OPTOM_OFF_VSTS_OTH_UNCLASS_SRCE_AMT_13
993,OBEOTH13,OPTOMETRIST_OFF_VSTS_OTH_COMBINED_AMT_13
994,OBEPRV13,OPTOMETRIST_OFF_VSTS_PRIVATE_INS_AMT_13
995,OBEPTR13,OPTOMETRIST_OFF_VSTS___PRV___TRI_AMT_13
996,OBESLF13,OPTOMETRIST_OFF_VSTS_SELF_FAMILY_AMT_13
997,OBESTL13,OPTOMETRIST_OFF_VSTS_OTH_ST_LOCL_AMT_13
998,OBETCH13,OFFICE_BASED_OPTOMTRIST_VISIT_CHARGES_13
999,OBETRI13,OPTOMETRIST_OFF_VSTS___TRICARE_AMT_13
1000,OBEVA13,OPTOMETRIST_OFF_VSTS___VA_CHAMPVA_AMT_13
1001,OBEWCP13,OPTOMETRIST_OFF_VSTS_WORKERS_COMP_AMT_13
1002,OBNEXP13,TOTAL_OFF_BASED_NURSE_PRAC_13
1003,OBNMCD13,NURSE_PRAC_OFF_VSTS___MEDICAID_AMT_13
1004,OBNMCR13,NURSE_PRAC_OFF_VISITS___MEDICARE_AMT_13
1005,OBNOFD13,NURSE_PRAC_OFF_VSTS_OTHER_FEDERAL_AMT_13
1006,OBNOPR13,NURSE_PRAC_OFF_VSTS___OTH_PRIVATE_AMT_13
1007,OBNOPU13,NURSE_PRAC_OFF_VSTS___OTH_PUBLIC_AMT_13
1008,OBNOSR13,NRS_PR_OFF_VSTS_OTH_UNCLASS_SRCE_AMT_13
1009,OBNOTH13,NURSE_PRAC_OFF_VSTS_OTH_COMBINED_AMT_13
1010,OBNPRV13,NURSE_PRAC_OFF_VSTS_PRIVATE_INS_AMT_13
1011,OBNPTR13,NURSE_PRAC_OFF_VSTS___PRV___TRI_AMT_13
1012,OBNSLF13,NURSE_PRAC_OFF_VISITS_SELF_FAMILY_AMT_13
1013,OBNSTL13,NURSE_PRAC_OFF_VSTS_OTH_ST_LOCAL_AMT_13
1014,OBNTCH13,OFFICE_BASED_NURSE_PRAC_VISIT_CHARGES_13
1015,OBNTRI13,NURSE_PRAC_OFF_VSTS___TRICARE_AMT_13
1016,OBNURS13,NUM_OFF_BASED_NURSE_PRACTITIONER_VISITS_13
1017,OBNVA13,NURSE_PRAC_OFF_VSTS___VA_CHAMPVA_AMT_13
1018,OBNWCP13,NURSE_PRAC_OFF_VSTS_WORKERS_COMP_AMT_13
1019,OBOEXP13,TOTAL_OFF_BASED_NON_DR_EXP_13
1020,OBOMCD13,NON_DR_OFF_VISTS___MEDICAID_AMT_13
1021,OBOMCR13,NON_DR_OFF_VISTS___MEDICARE_AMT_13
1022,OBOOFD13,NON_DR_OFF_VISTS___OTHER_FEDERAL_AMT_13
1023,OBOOPR13,NON_DR_OFF_VISTS___OTH_PRIVATE_AMT_13
1024,OBOOPU13,NON_DR_OFF_VISTS___OTH_PUBLIC_AMT_13
1025,OBOOSR13,NON_DR_OF_VSTS___OTH_UNCLASS_SRCE_AMT_13
1026,OBOOTH13,NON_DR_OFF_VISTS___OTH_COMBINED_AMT_13
1027,OBOPRV13,NON_DR_OFF_VISTS___PRIVATE_INS_AMT_13
1028,OBOPTO13,NUM_OFF_BASED_OPTOMETRIST_VISITS_13
1029,OBOPTR13,NON_DR_OFF_VISTS___PRV___TRI_AMT_13
1030,OBOSLF13,NON_DR_OFF_VISTS___SELF_FAMILY_AMT_13
1031,OBOSTL13,NON_DR_OFF_VISTS___OTH_ST_LOCAL_AMT_13
1032,OBOTCH13,OFFICE_BASED_NON_DR_VISIT_CHARGES_13
1033,OBOTHV13,NUM_OFFICE_BASED_NON_PHYSICAN_VISITS_13
1034,OBOTRI13,NON_DR_OFF_VISTS___TRICARE_AMT_13
1035,OBOVA13,NON_DR_OFF_VISTS___VA_CHAMPVA_AMT_13
1036,OBOWCP13,NON_DR_OFF_VISTS___WORKERS_COMP_AMT_13
1037,OBTEXP13,TOT_OFF_BASED_PT_EXP_13
1038,OBTHER13,NUM_OFF_BASED_PT_OT_VISITS_13
1039,OBTMCD13,PT_OT_OFF_VISITS___MEDICAID_AMT_13
1040,OBTMCR13,PT_OT_OFF_VISITS___MEDICARE_AMT_13
1041,OBTOFD13,PT_OT_OFF_VISITS___OTHER_FED_AMT_13
1042,OBTOPR13,PT_OT_OFF_VISITS___OTH_PRIVATE_AMT_13
1043,OBTOPU13,PT_OT_OFF_VISITS___OTH_PUBLIC_AMT_13
1044,OBTOSR13,PT_OT_OFF_VSTS_OTH_UNCLASS_SRCE_AMT_13
1045,OBTOTH13,PT_OT_OFF_VISITS___OTH_COMBINED_AMT_13
1046,OBTOTV13,NUM_OFFICE_BASED_PROVIDER_VISITS_13
1047,OBTPRV13,PT_OT_OFF_VISITS___PRIVATE_INS_AMT_13
1048,OBTPTR13,PT_OT_OFF_VISITS___PRV___TRI_AMT_13
1049,OBTSLF13,PT_OT_OFF_VISITS___SELF_FAMILY_AMT_13
1050,OBTSTL13,PT_OT_OFF_VISITS___OTH_ST_LOCL_AMT_13
1051,OBTTCH13,OFFICE_BASED_PT_OC_VISIT_CHARGES_13
1052,OBTTRI13,PT_OT_OFF_VISITS___TRICARE_AMT_13
1053,OBTVA13,PT_OT_OFF_VISITS___VA_CHAMPVA_AMT_13
1054,OBTWCP13,PT_OT_OFF_VISITS___WORKERS_COMP_AMT_13
1055,OBVEXP13,TOTAL_OFFICE_BASED_EXP_13
1056,OBVMCD13,ALL_OFFICE_VISITS___MEDICAID_AMT_13
1057,OBVMCR13,ALL_OFFICE_VISITS___MEDICARE_AMT_13
1058,OBVOFD13,ALL_OFFICE_VISITS_OTHER_FEDERAL_AMT_13
1059,OBVOPR13,ALL_OFFICE_VISITS___OTH_PRIVATE_AMT_13
1060,OBVOPU13,ALL_OFFICE_VISITS___OTH_PUBLIC_AMT_13
1061,OBVOSR13,ALL_OFF_VSTS___OTH_UNCLASS_SRCE_AMT_13
1062,OBVOTH13,ALL_OFFICE_VISITS___OTH_COMBINED_AMT_13
1063,OBVPRV13,ALL_OFFICE_VISITS___PRIVATE_INS_AMT_13
1064,OBVPTR13,ALL_OFFICE_VISITS___PRV___TRI_AMT_13
1065,OBVSLF13,ALL_OFFICE_VISITS___SELF_FAMILY_AMT_13
1066,OBVSTL13,ALL_OFFICE_VISITS_OTH_ST_LOCAL_AMT_13
1067,OBVTCH13,OFFICE_BASED_PROVIDER_VISIT_CHARGES_13
1068,OBVTRI13,ALL_OFFICE_VISITS_TRICARE_AMT_13
1069,OBVVA13,ALL_OFFICE_VISITS_VA_CHAMPVA_AMT_13
1070,OBVWCP13,ALL_OFFICE_VISITS___WORKERS_COMP_AMT_13
1071,OCCCAT31,OCCUPATION_GROUP_RD_3_1_CMJ
1072,OCCCAT42,OCCUPATION_GROUP_RD_4_2_CMJ
1073,OCCCAT53,OCCUPATION_GROUP_RD_5_3_CMJ
1074,OFFER31X,HEALTH_INSUR_OFFERED_BY_RD_3_1_CMJ__ED_
1075,OFFER42X,HEALTH_INSUR_OFFERED_BY_RD_4_2_CMJ__ED_
1076,OFFER53X,HEALTH_INSUR_OFFERED_BY_RD_5_3_CMJ__ED_
1077,OFFHOU42,AC24_USC_HAS_OFFCE_HRS_NGHTS_WKENDS_R4_2
1078,OFREMP31,EMPLOYER_OFFERS_HEALTH_INS_RD_3_1_CMJ
1079,OFREMP42,EMPLOYER_OFFERS_HEALTH_INS_RD_4_2_CMJ
1080,OFREMP53,EMPLOYER_OFFERS_HEALTH_INS_RD_5_3_CMJ
1081,OHRTAGED,AGE_OF_DIAGNOSIS_OTHER_HEART_DISEASE
1082,OHRTDX,OTHER_HEART_DISEASE_DIAG___17_
1083,ONGONG42,AC22_GO_TO_USC_FOR_ONGOING_HLTH_PRB_R4_2
1084,ONJOB42,AC08_OTH_REAS_NO_USC__DR_AT_WORK_R4_2
1085,OPAAP13,COV_BY_OTHER_PUBLIC_A_INS_IN_APR13
1086,OPAAU13,COV_BY_OTHER_PUBLIC_A_INS_IN_AUG13
1087,OPADE13,COV_BY_OTHER_PUBLIC_A_INS_IN_DEC13
1088,OPAEV13,EVER_HAVE_OTHER_PUBLIC_A_INS_DURING_13
1089,OPAFE13,COV_BY_OTHER_PUBLIC_A_INS_IN_FEB13
1090,OPAJA13,COV_BY_OTHER_PUBLIC_A_INS_IN_JAN13
1091,OPAJL13,COV_BY_OTHER_PUBLIC_A_INS_IN_JUL13
1092,OPAJU13,COV_BY_OTHER_PUBLIC_A_INS_IN_JUN13
1093,OPAMA13,COV_BY_OTHER_PUBLIC_A_INS_IN_MAR13
1094,OPAMY13,COV_BY_OTHER_PUBLIC_A_INS_IN_MAY13
1095,OPANO13,COV_BY_OTHER_PUBLIC_A_INS_IN_NOV13
1096,OPAOC13,COV_BY_OTHER_PUBLIC_A_INS_IN_OCT13
1097,OPASE13,COV_BY_OTHER_PUBLIC_A_INS_IN_SEP13
1098,OPBAP13,COV_BY_OTHER_PUBLIC_B_INS_IN_APR13
1099,OPBAU13,COV_BY_OTHER_PUBLIC_B_INS_IN_AUG13
1100,OPBDE13,COV_BY_OTHER_PUBLIC_B_INS_IN_DEC13
1101,OPBEV13,EVER_HAVE_OTHER_PUBLIC_B_INS_DURING_13
1102,OPBFE13,COV_BY_OTHER_PUBLIC_B_INS_IN_FEB13
1103,OPBJA13,COV_BY_OTHER_PUBLIC_B_INS_IN_JAN13
1104,OPBJL13,COV_BY_OTHER_PUBLIC_B_INS_IN_JUL13
1105,OPBJU13,COV_BY_OTHER_PUBLIC_B_INS_IN_JUN13
1106,OPBMA13,COV_BY_OTHER_PUBLIC_B_INS_IN_MAR13
1107,OPBMY13,COV_BY_OTHER_PUBLIC_B_INS_IN_MAY13
1108,OPBNO13,COV_BY_OTHER_PUBLIC_B_INS_IN_NOV13
1109,OPBOC13,COV_BY_OTHER_PUBLIC_B_INS_IN_OCT13
1110,OPBSE13,COV_BY_OTHER_PUBLIC_B_INS_IN_SEP13
1111,OPDEXP13,TOTAL_OUTPATIENT_PROVIDER_EXP_13
1112,OPDMCD13,ALL_OPD_VISITS_MEDICAID_AMT_DR_13
1113,OPDMCR13,ALL_OPD_VISITS_MEDICARE_AMT_DR_13
1114,OPDOFD13,ALL_OPD_VISITS_OTHER_FED_AMT_DR_13
1115,OPDOPR13,ALL_OPD_VISITS___OTH_PRIVATE_AMT_DR_13
1116,OPDOPU13,ALL_OPD_VISITS_OTH_PUBLIC_AMT_DR_13
1117,OPDOSR13,ALL_OPD_VSTS_OTH_UNCLASS_SRCE_AMT_DR_13
1118,OPDOTH13,ALL_OPD_VISITS_OTH_COMBINED_AMT_DR_13
1119,OPDPRV13,ALL_OPD_VISITS_PRIV_INS_AMT_DR_13
1120,OPDPTR13,ALL_OPD_VISITS_PRV___TRI_AMT__DR_13
1121,OPDRV13,NUM_OUTPATIENT_DEPT_PHYSICIAN_VISITS_13
1122,OPDSLF13,ALL_OPD_VISITS_SELF_FAMILY_AMT_DR_13
1123,OPDSTL13,ALL_OPD_VISITS_OTH_ST_LOCAL_AMT_DR_13
1124,OPDTCH13,OPD_PROVIDER_VISIT_CHARGES___DR_13
1125,OPDTRI13,ALL_OPD_VISITS_TRICARE_AMT_DR_13
1126,OPDVA13,ALL_OPD_VISITS_VA_CHAMPVA_AMT_DR_13
1127,OPDWCP13,ALL_OPD_VISITS_WORKERS_COMP_AMT_DR_13
1128,OPFEXP13,TOTAL_OUTPATIENT_FACILITY_EXP_13
1129,OPFMCD13,ALL_OPD_VISITS_MEDICAID_AMT_FAC_13
1130,OPFMCR13,ALL_OPD_VISITS_MEDICARE_AMT_FAC_13
1131,OPFOFD13,ALL_OPD_VISITS_OTHER_FED_AMT_FAC_13
1132,OPFOPR13,ALL_OPD_VISITS___OTH_PRIVATE_AMT_FAC_13
1133,OPFOPU13,ALL_OPD_VISITS___OTH_PUBLIC_AMT_FAC_13
1134,OPFOSR13,ALL_OPD_VSTS_OTH_UNCLASS_SRCE_AMT_FAC_13
1135,OPFOTH13,ALL_OPD_VISITS___OTH_COMBINED_AMT_FAC_13
1136,OPFPRV13,ALL_OPD_VISITS_PRIV_INS_AMT_FAC_13
1137,OPFPTR13,ALL_OPD_VISITS___PRV___TRI_AMT_FAC_13
1138,OPFSLF13,ALL_OPD_VISITS_SELF_FAMILY_AMT_FAC_13
1139,OPFSTL13,ALL_OPD_VISITS_OTH_ST_LOCAL_AMT_FAC_13
1140,OPFTCH13,OPD_PROVIDER_VISIT_CHARGES___FAC_13
1141,OPFTRI13,ALL_OPD_VISITS_TRICARE_AMT_FAC_13
1142,OPFVA13,ALL_OPD_VISITS_VA_CHAMPVA_AMT_FAC_13
1143,OPFWCP13,ALL_OPD_VISITS_WORKERS_COMP_AMT_FAC_13
1144,OPOEXP13,TOTAL_OUTPATIENT_NON_DR___FAC_EXP_13
1145,OPOMCD13,OPD_NON_DR_VISITS_MEDICAID_AMT_FAC_13
1146,OPOMCR13,OPD_NON_DR_VISITS_MEDICARE_AMT_FAC_13
1147,OPOOFD13,OPD_NON_DR_VISITS_OTHER_FED_AMT_FAC_13
1148,OPOOPR13,OPD_NON_DR_VISITS_OTH_PRIVATE_AMT_FAC_13
1149,OPOOPU13,OPD_NON_DR_VISITS_OTH_PUBLIC_AMT_FAC_13
1150,OPOOSR13,OPD_NON_DR_VSTS_OT_UNCLAS_SRC_AMT_FAC_13
1151,OPOOTH13,OPD_NON_DR_VISITS_OTH_COMBINED_AM_FAC_13
1152,OPOPRV13,OPD_NON_DR_VISITS_PRIV_INS_AMT_FAC_13
1153,OPOPTR13,OPD_NON_DR_VISITS___PRV___TRI_AMT_FAC_13
1154,OPOSLF13,OPD_NON_DR_VISITS_SELF_FAM_AMT_FAC_13
1155,OPOSTL13,OPD_NON_DR_VISITS_OTH_ST_LOC_AMT_FAC_13
1156,OPOTCH13,OPD_NON_PHYS_VISIT_CHARGES___FAC_13
1157,OPOTHV13,NUM_OUTPATIENT_DEPT_NON_DR_VISITS_13
1158,OPOTRI13,OPD_NON_DR_VISITS_TRICARE_AMT_FAC_13
1159,OPOVA13,OPD_NON_DR_VISITS_VA_CHAMPVA_AMT_FAC_13
1160,OPOWCP13,OPD_NON_DR_VISITS_WRKRS_COMP_AMT_FAC_13
1161,OPPEXP13,TOTAL_OUTPATIENT_NON_DR___DR_EXP_13
1162,OPPMCD13,OPD_NON_DR_VISITS_MEDICAID_AMT_DR_13
1163,OPPMCR13,OPD_NON_DR_VISITS_MEDICARE_AMT_DR_13
1164,OPPOFD13,OPD_NON_DR_VISITS_OTHER_FED_AMT_DR_13
1165,OPPOPR13,OPD_NON_DR_VISITS_OTH_PRIVATE_AMT_DR_13
1166,OPPOPU13,OPD_NON_DR_VISITS_OTH_PUBLIC_AMT_DR_13
1167,OPPOSR13,OPD_NON_DR_VSTS_OT_UNCLAS_SRC_AMT_DR_13
1168,OPPOTH13,OPD_NON_DR_VISITS_OTH_COMBINED_AMT_DR_13
1169,OPPPRV13,OPD_NON_DR_VISITS_PRIV_INS_AMT_DR_13
1170,OPPPTR13,OPD_NON_DR_VISITS___PRV___TRI_AMT_DR_13
1171,OPPSLF13,OPD_NON_DR_VISITS_SELF_FAM_AMT_DR_13
1172,OPPSTL13,OPD_NON_DR_VISITS_OTH_ST_LOC_AMT_DR_13
1173,OPPTCH13,OPD_NON_PHYS_VISIT_CHARGES___DR_13
1174,OPPTRI13,OPD_NON_DR_VISITS_TRICARE_AMT_DR_13
1175,OPPVA13,OPD_NON_DR_VISITS_VA_CHAMPVA_AMT_DR_13
1176,OPPWCP13,OPD_NON_DR_VISITS_WRKRS_COMP_AMT_DR_13
1177,OPSEXP13,TOTAL_OUTPATIENT_PHYSICIAN___DR_EXP_13
1178,OPSMCD13,OPD_DR_VISITS_MEDICAID_AMT_DR_13
1179,OPSMCR13,OPD_DR_VISITS_MEDICARE_AMT_DR_13
1180,OPSOFD13,OPD_DR_VISITS_OTHER_FED_AMT_DR_13
1181,OPSOPR13,OPD_DR_VISITS___OTH_PRIVATE_AMT_DR_13
1182,OPSOPU13,OPD_DR_VISITS_OTH_PUBLIC_AMT_DR_13
1183,OPSOSR13,OPD_DR_VSTS_OTH_UNCLASS_SRCE_AMT_DR_13
1184,OPSOTH13,OPD_DR_VISITS__OTH_COMBINED_AMT_DR_13
1185,OPSPRV13,OPD_DR_VISITS_PRIV_INS_AMT_DR_13
1186,OPSPTR13,OPD_DR_VISITS___PRV___TRI_AMT_DR_13
1187,OPSSLF13,OPD_DR_VISITS_SELF_FAMILY_AMT_DR_13
1188,OPSSTL13,OPD_DR_VISITS_OTH_ST_LOCAL_AMT_DR_13
1189,OPSTCH13,OPD_PHYSICIAN_VISIT_CHARGES___DR_13
1190,OPSTRI13,OPD_DR_VISITS_TRICARE_AMT_DR_13
1191,OPSVA13,OPD_DR_VISITS_VA_CHAMPVA_AMT_DR_13
1192,OPSWCP13,OPD_DR_VISITS_WORKERS_COMP_AMT_DR_13
1193,OPTEXP13,TOTAL_OUTPATIENT_FAC_PLUS_DR_EXP_13
1194,OPTMCD13,ALL_OPD_VSTS_MEDICAID_AMT__FACPLUSDR__13
1195,OPTMCR13,ALL_OPD_VSTS_MEDICARE_AMT__FACPLUSDR__13
1196,OPTOFD13,ALL_OPD_VSTS_OTHER_FED_AMT__FACPLUSDR__13
1197,OPTOPR13,ALL_OPD_VSTS_OTH_PRIVATE_AMT__FACPLUSDR__13
1198,OPTOPU13,ALL_OPD_VSTS_OTH_PUBLIC_AMT__FACPLUSDR__13
1199,OPTOSR13,ALL_OPD_VST_OTH_UNCLS_SRC_AMT_FACPLUSDR__13
1200,OPTOTH13,ALL_OPD_VSTS_OTH_COMBINED_AMT_FACPLUSDR__13
1201,OPTOTV13,NUM_OUTPATIENT_DEPT_PROVIDER_VISITS_13
1202,OPTPRV13,ALL_OPD_VSTS_PRIV_INS_AMT__FACPLUSDR__13
1203,OPTPTR13,ALL_OPD_VISITS_PRV___TRI_AMT__FACPLUSDR__13
1204,OPTSLF13,ALL_OPD_VSTS_SELF_FAMILY_AMT__FACPLUSDR__13
1205,OPTSTL13,ALL_OPD_VST_OTH_ST_LOCAL_AMT_FACPLUSDR__13
1206,OPTTCH13,OPD_FACILITY_PLUS_DR_VISIT_CHARGES___13
1207,OPTTRI13,ALL_OPD_VSTS_TRICARE_AMT__FACPLUSDR__13
1208,OPTVA13,ALL_OPD_VSTS_VA_CHAMPVA_AMT__FACPLUSDR__13
1209,OPTWCP13,ALL_OPD_VST_WORKRS_COMP_AMT__FACPLUSDR__13
1210,OPVEXP13,TOTAL_OUTPATIENT_PHYSICIAN___FAC_EXP_13
1211,OPVMCD13,OPD_DR_VISITS_MEDICAID_AMT_FAC_13
1212,OPVMCR13,OPD_DR_VISITS_MEDICARE_AMT_FAC_13
1213,OPVOFD13,OPD_DR_VISITS_OTHER_FED_AMT_FAC_13
1214,OPVOPR13,OPD_DR_VISITS___OTH_PRIVATE_AMT_FAC_13
1215,OPVOPU13,OPD_DR_VISITS_OTH_PUBLIC_AMT_FAC_13
1216,OPVOSR13,OPD_DR_VSTS_OTH_UNCLASS_SRCE_AMT_FAC_13
1217,OPVOTH13,OPD_DR_VISITS___OTH_COMBINED_AMT_FAC_13
1218,OPVPRV13,OPD_DR_VISITS_PRIV_INS_AMT_FAC_13
1219,OPVPTR13,OPD_DR_VISITS___PRV___TRI_AMT_FAC_13
1220,OPVSLF13,OPD_DR_VISITS_SELF_FAMILY_AMT_FAC_13
1221,OPVSTL13,OPD_DR_VISITS_OTH_ST_LOCAL_AMT_FAC_13
1222,OPVTCH13,OPD_PHYSICIAN_VISIT_CHARGES___FAC_13
1223,OPVTRI13,OPD_DR_VISITS_TRICARE_AMT_FAC_13
1224,OPVVA13,OPD_DR_VISITS_VA_CHAMPVA_AMT_FAC_13
1225,OPVWCP13,OPD_DR_VISITS_WORKERS_COMP_AMT_FAC_13
1226,OTHDYS31,MISS_ANY_WORK_DAY_TO_CARE_FOR_OTH__RD31_
1227,OTHDYS42,MISS_ANY_WORK_DAY_TO_CARE_FOR_OTH__RD42_
1228,OTHDYS53,MISS_ANY_WORK_DAY_TO_CARE_FOR_OTH__RD53_
1229,OTHEXP13,TOT_OTHER_EQUIP_SPLY__EXCL_DIAB__EXP_13
1230,OTHIMP13,OTHER_INCOME_IMPUTATION_FLAG
1231,OTHINS42,AC08_OTH_REAS_NO_USC__INS_RELATED_R4_2
1232,OTHLANG,IN_FAMILY_WITH_SOMEONE_SPKNG_OTHER_LANG
1233,OTHMCD13,OTHER_EQUP_SUPPLIES_MEDICAID_AMT_13
1234,OTHMCR13,OTHER_EQUP_SUPPLIES_MEDICARE_AMT_13
1235,OTHNDD31,NUM_DAY_MISSED_WORK_TO_CARE_FOR_OTH__RD31_
1236,OTHNDD42,NUM_DAY_MISSED_WORK_TO_CARE_FOR_OTH__RD42_
1237,OTHNDD53,NUM_DAY_MISSED_WORK_TO_CARE_FOR_OTH__RD53_
1238,OTHOFD13,OTHER_EQUP_SUPPLIES_OTHR_FEDRL_AMT_13
1239,OTHOPR13,OTHER_EQUP_SUPPLY_OTH_PRIVATE_AMT_13
1240,OTHOPU13,OTHER_EQUP_SUPPLY___OTH_PUBLIC_AMT_13
1241,OTHOSR13,OTH_EQUP_SUPLY___OT_UNCLASS_SRCE_AMT_13
1242,OTHOTH13,OTHER_EQUP_SUPPLY___OTH_COMBINED_AMT_13
1243,OTHPRV13,OTHER_EQUP_SUPPLIES_PRIV_INS_AMT_13
1244,OTHPTR13,OTHER_EQUP_SUPPLY___PRV___TRI_AMT_13
1245,OTHRCP42,AC19_IS_PROVIDER_SOME_OTHER_RACE_R4_2
1246,OTHREA42,AC08_OTH_REAS_NO_USC__OTHER_REASON_R4_2
1247,OTHRP13X,PERSON_S_OTHER_INCOME
1248,OTHSLF13,OTHER_EQUP_SUPPLIES_SELF_FAM_AMT_13
1249,OTHSTL13,OTHER_EQUP_SUPPLY_OTHR_ST_LOCAL_AMT_13
1250,OTHTCH13,OTHER_EQUP_SUPPLIES_CHARGES_13
1251,OTHTRI13,OTHER_EQUP_SUPPLY_TRICARE_AMT_13
1252,OTHVA13,OTHER_EQUP_SUPPLY_VA_CHAMPVA_AMT_13
1253,OTHWCP13,OTHER_EQUP_SUPPLY___WORKERS_COMP_AMT_13
1254,OTPAAT13,OTH_GOV_MCAID_SCHIP_HMO_ANY_TIME_R5_R3
1255,OTPAAT31,ANY_TIME_COV_OT_GOV_MCAID_SCHIP_HMO_R3_1
1256,OTPAAT42,ANY_TIME_COV_OT_GOV_MCAID_SCHIP_HMO_R4_2
1257,OTPAAT53,ANY_TIME_COV_OT_GOV_MCAID_SCHIP_HMO_R5_3
1258,OTPBAT13,OTH_GOV_INS_NOT_MCAID_SCHIP_HMO_IN_R5_R3
1259,OTPBAT31,ANY_COV_OT_GOV_NOT_MCAID_SCHIP_HMO_R3_1
1260,OTPBAT42,ANY_COV_OT_GOV_NOT_MCAID_SCHIP_HMO_R4_2
1261,OTPBAT53,ANY_COV_OT_GOV_NOT_MCAID_SCHIP_HMO_R5_3
1262,OTPUBA13,PAY_OTH_GOV_MCAID_SCHIP_HMO_ON_12_31_13
1263,OTPUBA31,COV_PAY_OTH_GOV_MCAID_SCHIP_HMO_R3_1_INT
1264,OTPUBA42,COV_PAY_OTH_GOV_MCAID_SCHIP_HMO_R4_2_INT
1265,OTPUBA53,OTH_GOV_MCD_SHP_HMO_12_31_R5_R3_INT_DT
1266,OTPUBB13,OTH_GOV_NOT_MCAID_SCHIP_HMO_ON_12_31_13
1267,OTPUBB31,COV_OTH_GOV_NOT_MCAID_SCHIP_HMO_R3_1_INT
1268,OTPUBB42,COV_OTH_GOV_NOT_MCAID_SCHIP_HMO_R4_2_INT
1269,OTPUBB53,OTH_GOV_NOT_MCD_SCHP_HMO_ON_12_31_R5_R3
1270,PACISP42,AC19_IS_PROVIDER_OTH_PACIFIC_ISLNDR_R4_2
1271,PANEL,PANEL_NUMBER
1272,PAPSMR53,HOW_LNG_LST_PAP_SMEAR_TST___17____RD_5_3
1273,PAYDR31,PAID_LEAVE_TO_VISIT_DR_RD_3_1_CMJ
1274,PAYDR42,PAID_LEAVE_TO_VISIT_DR_RD_4_2_CMJ
1275,PAYDR53,PAID_LEAVE_TO_VISIT_DR_RD_5_3_CMJ
1276,PAYVAC31,PAID_VACATION_AT_RD_3_1_CMJ
1277,PAYVAC42,PAID_VACATION_AT_RD_4_2_CMJ
1278,PAYVAC53,PAID_VACATION_AT_RD_5_3_CMJ
1279,PCS42,SAQ_PHY_COMPONENT_SUMMRY_SF_12V2_IMPUTED
1280,PDKAP13,COVR_BY_PRIV_INS__SOURCE_UNKNWN__APR13
1281,PDKAU13,COVR_BY_PRIV_INS__SOURCE_UNKNWN__AUG13
1282,PDKDE13,COVR_BY_PRIV_INS__SOURCE_UNKNWN__DEC13
1283,PDKFE13,COVR_BY_PRIV_INS__SOURCE_UNKNWN__FEB13
1284,PDKJA13,COVR_BY_PRIV_INS__SOURCE_UNKNWN__JAN13
1285,PDKJL13,COVR_BY_PRIV_INS__SOURCE_UNKNWN__JUL13
1286,PDKJU13,COVR_BY_PRIV_INS__SOURCE_UNKNWN__JUN13
1287,PDKMA13,COVR_BY_PRIV_INS__SOURCE_UNKNWN__MAR13
1288,PDKMY13,COVR_BY_PRIV_INS__SOURCE_UNKNWN__MAY13
1289,PDKNO13,COVR_BY_PRIV_INS__SOURCE_UNKNWN__NOV13
1290,PDKOC13,COVR_BY_PRIV_INS__SOURCE_UNKNWN__OCT13
1291,PDKSE13,COVR_BY_PRIV_INS__SOURCE_UNKNWN__SEP13
1292,PEGAP13,COVERED_BY_EMPL_UNION_INS_IN_APR13
1293,PEGAU13,COVERED_BY_EMPL_UNION_INS_IN_AUG13
1294,PEGDE13,COVERED_BY_EMPL_UNION_INS_IN_DEC13
1295,PEGFE13,COVERED_BY_EMPL_UNION_INS_IN_FEB13
1296,PEGJA13,COVERED_BY_EMPL_UNION_INS_IN_JAN13
1297,PEGJL13,COVERED_BY_EMPL_UNION_INS_IN_JUL13
1298,PEGJU13,COVERED_BY_EMPL_UNION_INS_IN_JUN13
1299,PEGMA13,COVERED_BY_EMPL_UNION_INS_IN_MAR13
1300,PEGMY13,COVERED_BY_EMPL_UNION_INS_IN_MAY13
1301,PEGNO13,COVERED_BY_EMPL_UNION_INS_IN_NOV13
1302,PEGOC13,COVERED_BY_EMPL_UNION_INS_IN_OCT13
1303,PEGSE13,COVERED_BY_EMPL_UNION_INS_IN_SEP13
1304,PENIMP13,PENSION_INCOME_IMPUTATION_FLAG
1305,PENSP13X,PERSON_S_PENSION_INCOME
1306,PERSLA42,AC08_OTH_REAS_NO_USC__LANGUAGE_R4_2
1307,PERWT13F,FINAL_PERSON_WEIGHT__2013
1308,PHMONP31,COV_BY_HMO_PAYS_NON_PLAN_DR_VISITS_R3_1
1309,PHMONP42,COV_BY_HMO_PAYS_NON_PLAN_DR_VISITS_R4_2
1310,PHNREG42,AC23_HOW_DIFF_CONTACT_USC_BY_PHONE_R4_2
1311,PHQ242,SAQ_2_WKS__OVERALL_RATING_OF_FEELINGS
1312,PHYEXE53,MOD_VIG_PHYS_EXEC_5X_WK___17____RD_5_3
1313,PHYSCL42,DR_ADVISE_EXERCISE__2_17__R4_2
1314,PID,PERSON_NUMBER
1315,PLCTYP42,USC_TYPE_OF_PLACE_R4_2
1316,PMDINS13,PMED_INSURANCE_ANY_TIME_IN_R5_R3
1317,PMDINS31,PMED_INS_RD_3_1_IN_13
1318,PMDLAY42,DELAYED_IN_GETTING_NECSRY_PRES_MED_R4_2
1319,PMDLPR42,AC55_PRB_DLAYD_GETTING_NEC_PRES_MED_R4_2
1320,PMDLRS42,AC54_RSN_DLAYD_GETTING_NEC_PRES_MED_R4_2
1321,PMEDIN31,PRESCRIPTION_DRUG_INSURANCE___RD_3_1
1322,PMEDIN42,PRESCRIPTION_DRUG_INSURANCE___RD_4_2
1323,PMEDIN53,PRESCRIPTION_DRUG_INSURANCE___RD_5_3
1324,PMEDPP31,OUT_OF_POCKET_PAYMENT_FOR_LAST_PMED_R3_1
1325,PMEDPP42,OUT_OF_POCKET_PAYMENT_FOR_LAST_PMED_R4_2
1326,PMEDPY31,USUAL_3RD_PARTY_PAYER_FOR_PMEDS___R3_1
1327,PMEDPY42,USUAL_3RD_PARTY_PAYER_FOR_PMEDS___R4_2
1328,PMEDPY53,USUAL_3RD_PARTY_PAYER_FOR_PMEDS___R5_3
1329,PMEDUP31,HAS_USUAL_3RD_PARTY_PAYER_FOR_PMEDS_R3_1
1330,PMEDUP42,HAS_USUAL_3RD_PARTY_PAYER_FOR_PMEDS_R4_2
1331,PMEDUP53,HAS_USUAL_3RD_PARTY_PAYER_FOR_PMEDS_R5_3
1332,PMNCNP31,COV_BY_GATEKPR_PAYS_NON_PLAN_DRS_R3_1
1333,PMNCNP42,COV_BY_GATEKPR_PAYS_NON_PLAN_DRS_R4_2
1334,PMUNAB42,UNABLE_TO_GET_NECESSARY_PRES_MED_R4_2
1335,PMUNPR42,AC51_PRB_UNABLE_TO_GET_NEC_PRES_MED_R4_2
1336,PMUNRS42,AC50_RSN_UNABLE_TO_GET_NEC_PRES_MED_R4_2
1337,PNGAP13,COVERED_BY_NONGROUP_INS_IN_APR13
1338,PNGAU13,COVERED_BY_NONGROUP_INS_IN_AUG13
1339,PNGDE13,COVERED_BY_NONGROUP_INS_IN_DEC13
1340,PNGFE13,COVERED_BY_NONGROUP_INS_IN_FEB13
1341,PNGJA13,COVERED_BY_NONGROUP_INS_IN_JAN13
1342,PNGJL13,COVERED_BY_NONGROUP_INS_IN_JUL13
1343,PNGJU13,COVERED_BY_NONGROUP_INS_IN_JUN13
1344,PNGMA13,COVERED_BY_NONGROUP_INS_IN_MAR13
1345,PNGMY13,COVERED_BY_NONGROUP_INS_IN_MAY13
1346,PNGNO13,COVERED_BY_NONGROUP_INS_IN_NOV13
1347,PNGOC13,COVERED_BY_NONGROUP_INS_IN_OCT13
1348,PNGSE13,COVERED_BY_NONGROUP_INS_IN_SEP13
1349,POGAP13,COVERED_BY_OTHER_GROUP_INS_IN_APR13
1350,POGAU13,COVERED_BY_OTHER_GROUP_INS_IN_AUG13
1351,POGDE13,COVERED_BY_OTHER_GROUP_INS_IN_DEC13
1352,POGFE13,COVERED_BY_OTHER_GROUP_INS_IN_FEB13
1353,POGJA13,COVERED_BY_OTHER_GROUP_INS_IN_JAN13
1354,POGJL13,COVERED_BY_OTHER_GROUP_INS_IN_JUL13
1355,POGJU13,COVERED_BY_OTHER_GROUP_INS_IN_JUN13
1356,POGMA13,COVERED_BY_OTHER_GROUP_INS_IN_MAR13
1357,POGMY13,COVERED_BY_OTHER_GROUP_INS_IN_MAY13
1358,POGNO13,COVERED_BY_OTHER_GROUP_INS_IN_NOV13
1359,POGOC13,COVERED_BY_OTHER_GROUP_INS_IN_OCT13
1360,POGSE13,COVERED_BY_OTHER_GROUP_INS_IN_SEP13
1361,POUAP13,COVERED_BY_HOLDER_OUTSIDE_OF_RU_IN_APR13
1362,POUAU13,COVERED_BY_HOLDER_OUTSIDE_OF_RU_IN_AUG13
1363,POUDE13,COVERED_BY_HOLDER_OUTSIDE_OF_RU_IN_DEC13
1364,POUFE13,COVERED_BY_HOLDER_OUTSIDE_OF_RU_IN_FEB13
1365,POUJA13,COVERED_BY_HOLDER_OUTSIDE_OF_RU_IN_JAN13
1366,POUJL13,COVERED_BY_HOLDER_OUTSIDE_OF_RU_IN_JUL13
1367,POUJU13,COVERED_BY_HOLDER_OUTSIDE_OF_RU_IN_JUN13
1368,POUMA13,COVERED_BY_HOLDER_OUTSIDE_OF_RU_IN_MAR13
1369,POUMY13,COVERED_BY_HOLDER_OUTSIDE_OF_RU_IN_MAY13
1370,POUNO13,COVERED_BY_HOLDER_OUTSIDE_OF_RU_IN_NOV13
1371,POUOC13,COVERED_BY_HOLDER_OUTSIDE_OF_RU_IN_OCT13
1372,POUSE13,COVERED_BY_HOLDER_OUTSIDE_OF_RU_IN_SEP13
1373,POVCAT13,FAMILY_INC_AS___OF_POVERTY_LINE___CATEGO
1374,POVLEV13,FAMILY_INC_AS___OF_POVERTY_LINE___CONTIN
1375,PRDRNP31,COV_BY_DR_LIST_PAYS_NON_PLAN_DRS_R3_1
1376,PRDRNP42,COV_BY_DR_LIST_PAYS_NON_PLAN_DRS_R4_2
1377,PREGNT31,PREGNANT_DURING_REF_PERIOD___RD_3_1
1378,PREGNT42,PREGNANT_DURING_REF_PERIOD___RD_4_2
1379,PREGNT53,PREGNANT_DURING_REF_PERIOD___RD_5_3
1380,PREVCOVR,PER_COV_BY_INS_IN_PREV_2_YRS_PNL_18_ONLY
1381,PREVEN42,AC22_GO_TO_USC_FOR_PRVNTVE_HLT_CARE_R4_2
1382,PRIAP13,COVERED_BY_PRIVATE_INS_IN_APR13
1383,PRIAU13,COVERED_BY_PRIVATE_INS_IN_AUG13
1384,PRIDE13,COVERED_BY_PRIVATE_INS_IN_DEC13
1385,PRIDK13,PRIVATE_INSURANCE__DK_PLAN__ON_12_31_13
1386,PRIDK31,COV_BY_PRIV_INS__DK_PLAN____R3_1_INT
1387,PRIDK42,COV_BY_PRIV_INS__DK_PLAN____R4_2_INT
1388,PRIDK53,PRIV_INS__DK_PLAN__ON_12_31_R5_R3_INT_DT
1389,PRIEU13,EMPLOYMENT_UNION_GROUP_INS_ON_12_31_13
1390,PRIEU31,COV_BY_EMPL_UNION_GRP_INS___R3_1_INT_DT
1391,PRIEU42,COV_BY_EMPL_UNION_GRP_INS___R4_2_INT_DT
1392,PRIEU53,EMPL_UNION_GRP_INS_ON_12_31_R5_R3_INT_DT
1393,PRIFE13,COVERED_BY_PRIVATE_INS_IN_FEB13
1394,PRIJA13,COVERED_BY_PRIVATE_INS_IN_JAN13
1395,PRIJL13,COVERED_BY_PRIVATE_INS_IN_JUL13
1396,PRIJU13,COVERED_BY_PRIVATE_INS_IN_JUN13
1397,PRIMA13,COVERED_BY_PRIVATE_INS_IN_MAR13
1398,PRIMY13,COVERED_BY_PRIVATE_INS_IN_MAY13
1399,PRING13,NON_GROUP_INSURANCE_ON_12_31_13
1400,PRING31,COV_BY_NON_GROUP_INS___R3_1_INT_DT
1401,PRING42,COV_BY_NON_GROUP_INS___R4_2_INT_DT
1402,PRING53,NON_GROUP_INS_ON_12_31_R5_R3_INT_DT
1403,PRINO13,COVERED_BY_PRIVATE_INS_IN_NOV13
1404,PRIOC13,COVERED_BY_PRIVATE_INS_IN_OCT13
1405,PRIOG13,OTHER_GROUP_INSURANCE_ON_12_31_13
1406,PRIOG31,COV_BY_OTHER_GROUP_INS___R3_1_INT_DT
1407,PRIOG42,COV_BY_OTHER_GROUP_INS___R4_2_INT_DT
1408,PRIOG53,OTHER_GROUP_INS_ON_12_31_R5_R3_INT_DT
1409,PRIS13,SELF_EMPLOYED_1_INS_ON_12_31_13
1410,PRIS31,COV_BY_SELF_EMP_1_INS___R3_1_INT_DT
1411,PRIS42,COV_BY_SELF_EMP_1_INS___R4_2_INT_DT
1412,PRIS53,SELF_EMP_1_INS_ON_12_31_R5_R3_INT_DT
1413,PRISE13,COVERED_BY_PRIVATE_INS_IN_SEP13
1414,PRIV13,PRIVATE_HEALTH_INSURANCE_ON_12_31_13
1415,PRIV31,COV_BY_PRIV_HLTH_INS___R3_1_INT_DATE
1416,PRIV42,COV_BY_PRIV_HLTH_INS___R4_2_INT_DATE
1417,PRIV53,PRIV_HLTH_INS_ON_12_31_R5_R3_INT_DATE
1418,PRIVAT13,PRIVATE_INSURANCE_ANY_TIME_IN_R5_R3
1419,PRIVAT31,ANY_TIME_COV_PRIVATE_INS___R3_1
1420,PRIVAT42,ANY_TIME_COV_PRIVATE_INS___R4_2
1421,PRIVAT53,ANY_TIME_COV_PRIVATE_INS___R5_3
1422,PROUT13,COV_BY_SOMEONE_OUT_OF_RU_ON_12_31_13
1423,PROUT31,COV_BY_SOMEONE_OUT_OF_RU___R3_1_INT
1424,PROUT42,COV_BY_SOMEONE_OUT_OF_RU___R4_2_INT
1425,PROUT53,COV_BY_PERS_OUT_OF_RU_ON_12_31_R5_R3_INT
1426,PROVTY42,PROVIDER_TYPE_R4_2
1427,PROXY13,WAS_RESPONDENT_A_PROXY_AS_OF_12_31_13
1428,PROXY31,WAS_RESPONDENT_A_PROXY_IN_R3_1
1429,PROXY42,WAS_RESPONDENT_A_PROXY_IN_R4_2
1430,PROXY53,WAS_RESPONDENT_A_PROXY_IN_R5_3
1431,PRSAP13,COVERED_BY_SELF_EMP_1_INS_IN_APR13
1432,PRSAU13,COVERED_BY_SELF_EMP_1_INS_IN_AUG13
1433,PRSDE13,COVERED_BY_SELF_EMP_1_INS_IN_DEC13
1434,PRSFE13,COVERED_BY_SELF_EMP_1_INS_IN_FEB13
1435,PRSJA13,COVERED_BY_SELF_EMP_1_INS_IN_JAN13
1436,PRSJL13,COVERED_BY_SELF_EMP_1_INS_IN_JUL13
1437,PRSJU13,COVERED_BY_SELF_EMP_1_INS_IN_JUN13
1438,PRSMA13,COVERED_BY_SELF_EMP_1_INS_IN_MAR13
1439,PRSMY13,COVERED_BY_SELF_EMP_1_INS_IN_MAY13
1440,PRSNO13,COVERED_BY_SELF_EMP_1_INS_IN_NOV13
1441,PRSOC13,COVERED_BY_SELF_EMP_1_INS_IN_OCT13
1442,PRSSE13,COVERED_BY_SELF_EMP_1_INS_IN_SEP13
1443,PRVDRL31,COV_BY_PRIV_PLAN_W_DOCTOR_LIST___R3_1
1444,PRVDRL42,COV_BY_PRIV_PLAN_W_DOCTOR_LIST___R4_2
1445,PRVEV13,EVER_HAVE_PRIVATE_INSURANCE_DURING_13
1446,PRVHMO13,PRIVATE_HMO_ANY_TIME_IN_R5_R3
1447,PRVHMO31,COVERED_BY_PRIVATE_HMO___R3_1
1448,PRVHMO42,COVERED_BY_PRIVATE_HMO___R4_2
1449,PRVMNC31,COVERED_BY_PRIVATE_GATEKEEPER_PLAN_R3_1
1450,PRVMNC42,COVERED_BY_PRIVATE_GATEKEEPER_PLAN_R4_2
1451,PRVSPK42,AC31_PROV_SPEAKS_PERSON_S_LANGUAGE_P18R2
1452,PSA53,HOW_LONG_SINCE_LAST_PSA___39____RD_5_3
1453,PSTATS31,PERSON_DISPOSITION_STATUS___R3_1
1454,PSTATS42,PERSON_DISPOSITION_STATUS___R4_2
1455,PSTATS53,PERSON_DISPOSITION_STATUS___R5_3
1456,PUB13X,COV_BY_PUBLIC_INS_ON_12_31_13__ED_
1457,PUB31X,COV_BY_PUBLIC_INS___R3_1_INT_DT__ED_
1458,PUB42X,COV_BY_PUBLIC_INS___R4_2_INT_DT__ED_
1459,PUB53X,COV_BY_PUB_INS_12_31_R5_R3_INT_DT__ED_
1460,PUBAP13X,COVR_BY_ANY_PUBLIC_INS_IN_APR13__ED_
1461,PUBAT13X,PUBLIC_INS_ANY_TIME_IN_R5_R3
1462,PUBAT31X,ANY_TIME_COV_BY_PUBLIC___R3_1
1463,PUBAT42X,ANY_TIME_COV_BY_PUBLIC___R4_2
1464,PUBAT53X,ANY_TIME_COV_BY_PUBLIC___R5_3
1465,PUBAU13X,COVR_BY_ANY_PUBLIC_INS_IN_AUG13__ED_
1466,PUBDE13X,COVR_BY_ANY_PUBLIC_INS_IN_DEC13__ED_
1467,PUBFE13X,COVR_BY_ANY_PUBLIC_INS_IN_FEB13__ED_
1468,PUBIMP13,PUBLIC_ASSISTANCE_IMPUTATION_FLAG
1469,PUBJA13X,COVR_BY_ANY_PUBLIC_INS_IN_JAN13__ED_
1470,PUBJL13X,COVR_BY_ANY_PUBLIC_INS_IN_JUL13__ED_
1471,PUBJU13X,COVR_BY_ANY_PUBLIC_INS_IN_JUN13__ED_
1472,PUBMA13X,COVR_BY_ANY_PUBLIC_INS_IN_MAR13__ED_
1473,PUBMY13X,COVR_BY_ANY_PUBLIC_INS_IN_MAY13__ED_
1474,PUBNO13X,COVR_BY_ANY_PUBLIC_INS_IN_NOV13__ED_
1475,PUBOC13X,COVR_BY_ANY_PUBLIC_INS_IN_OCT13__ED_
1476,PUBP13X,PERSON_S_PUBLIC_ASSISTANCE
1477,PUBSE13X,COVR_BY_ANY_PUBLIC_INS_IN_SEP13__ED_
1478,RACEAX,ASIAN_AMONG_RACES_RPTD__EDITED_IMPUTED_
1479,RACEBX,BLACK_AMONG_RACES_RPTD__EDITED_IMPUTED_
1480,RACETHX,RACE_ETHNICITY__EDITED_IMPUTED_
1481,RACEV1X,RACE__EDITED_IMPUTED_
1482,RACEV2X,RACE__EDITED_IMPUTED_
1483,RACEVER,RACE_QUESTION_VERSION_ASKED
1484,RACEWX,WHITE_AMONG_RACES_RPTD__EDITED_IMPUTED_
1485,RCHDIF31,DIFFICULTY_REACHING_OVERHEAD___RD_3_1
1486,RCHDIF53,DIFFICULTY_REACHING_OVERHEAD___RD_5_3
1487,REFFRL42,AC22_GO_TO_USC_FOR_REFERRALS_R4_2
1488,REFPRS13,REFERENCE_PERSON_AS_OF_12_31_13
1489,REFPRS31,REFERENCE_PERSON_AT___R3_1
1490,REFPRS42,REFERENCE_PERSON_AT___R4_2
1491,REFPRS53,REFERENCE_PERSON_AT___R5_3
1492,REFRL13X,RELATION_TO_REF_PERS_12_31_13__EDIT_IMP_
1493,REFRL31X,RELATION_TO_REF_PERS__R3_1__EDIT_IMP_
1494,REFRL42X,RELATION_TO_REF_PERS__R4_2__EDIT_IMP_
1495,REFRL53X,RELATION_TO_REF_PERS__R5_3__EDIT_IMP_
1496,REGION13,CENSUS_REGION_AS_OF_12_31_13
1497,REGION31,CENSUS_REGION___R3_1
1498,REGION42,CENSUS_REGION___R4_2
1499,REGION53,CENSUS_REGION___R5_3
1500,RESP13,1ST_RESPONDENT_INDICATOR_AS_OF_12_31_13
1501,RESP31,1ST_RESPONDENT_INDICATOR_FOR_R3_1
1502,RESP42,1ST_RESPONDENT_INDICATOR_FOR_R4_2
1503,RESP53,1ST_RESPONDENT_INDICATOR_FOR_R5_3
1504,RESPCT42,AC27_PROV_SHOWS_RESPECT_FOR_TRTMNTS_R4_2
1505,RETPLN31,PENSION_PLAN_AT_RD_3_1_CMJ
1506,RETPLN42,PENSION_PLAN_AT_RD_4_2_CMJ
1507,RETPLN53,PENSION_PLAN_AT_RD_5_3_CMJ
1508,RNDFLG31,DATA_COLLECTION_ROUND_FOR_RD_3_1_CMJ
1509,RTHLTH31,PERCEIVED_HEALTH_STATUS___RD_3_1
1510,RTHLTH42,PERCEIVED_HEALTH_STATUS___RD_4_2
1511,RTHLTH53,PERCEIVED_HEALTH_STATUS___RD_5_3
1512,RUCLAS13,RU_FIELDED_AS_STANDARD_NEW_STUD_12_31_13
1513,RUCLAS31,RU_FIELDED_AS_STANDARD_NEW_STUDENT_R3_1
1514,RUCLAS42,RU_FIELDED_AS_STANDARD_NEW_STUDENT_R4_2
1515,RUCLAS53,RU_FIELDED_AS_STANDARD_NEW_STUDENT_R5_3
1516,RULETR13,RU_LETTER_AS_OF_12_31_13
1517,RULETR31,RU_LETTER___R3_1
1518,RULETR42,RU_LETTER___R4_2
1519,RULETR53,RU_LETTER___R5_3
1520,RURSLT31,RU_RESULT___R3_1
1521,RURSLT42,RU_RESULT___R4_2
1522,RURSLT53,RU_RESULT___R5_3
1523,RUSIZE13,RU_SIZE_AS_OF_12_31_13
1524,RUSIZE31,RU_SIZE___R3_1
1525,RUSIZE42,RU_SIZE___R4_2
1526,RUSIZE53,RU_SIZE___R5_3
1527,RXEXP13,TOTAL_RX_EXP_13
1528,RXMCD13,TOTAL_RX_MEDICAID_AMT_13
1529,RXMCR13,TOTAL_RX_MEDICARE_AMT_13
1530,RXOFD13,TOTAL_RX_OTHER_FED_AMT_13
1531,RXOPR13,TOTAL_RX_OTH_PRIVATE_AMT_13
1532,RXOPU13,TOTAL_RX_OTH_PUBLIC_AMT_13
1533,RXOSR13,TOT_RX_OTH_UNCLASS_SRCE_AMT_13
1534,RXOTH13,TOTAL_RX_OTH_COMBINED_AMT_13
1535,RXPRV13,TOTAL_RX_PRIVATE_INS_AMT_13
1536,RXPTR13,TOTAL_RX_PRV___TRI_AMT_13
1537,RXSLF13,TOTAL_RX_SELF_FAMILY_AMT_13
1538,RXSTL13,TOTAL_RX_OTHER_ST_LOCAL_AMT_13
1539,RXTOT13,NUM_PRESC_MEDS_INCL_REFILLS_13
1540,RXTRI13,TOTAL_RX_TRICARE_AMT_13
1541,RXVA13,TOTAL_RX_VA_CHAMPVA_AMT_13
1542,RXWCP13,TOTAL_RX_WORKERS_COMP_AMT_13
1543,SAFEST42,DR_ADVISE_CHLD_SAFETY_SEAT__WT__40__R4_2
1544,SALEP13X,PERSON_S_SALES_INCOME
1545,SALIMP13,SALES_INCOME_IMPUTATION_FLAG
1546,SAQELIG,ELIGIBILITY_STATUS_FOR_SAQ
1547,SAQWT13F,FINAL_SAQ_PERSON_WEIGHT__2013
1548,SCHLBH42,PROBLEM_BEHAVIOR_AT_SCHOOL__5_17__R4_2
1549,SCHLIM31,SCHOOL_LIMITATION___RD_3_1
1550,SCHLIM53,SCHOOL_LIMITATION___RD_5_3
1551,SCHPRO42,PROBLEM_WITH_SCHOOLWORK__5_17__R4_2
1552,SEATBE53,WEARS_SEAT_BELT___15____RD_5_3
1553,SELDSI42,AC08_OTH_REAS_NO_USC_SELDM_NEV_SICK_R4_2
1554,SELFCM31,SELF_EMPLOYED_AT_RD_3_1_CMJ
1555,SELFCM42,SELF_EMPLOYED_AT_RD_4_2_CMJ
1556,SELFCM53,SELF_EMPLOYED_AT_RD_5_3_CMJ
1557,SEX,SEX
1558,SFFLAG42,SAQ__PCS_MCS_IMPUTATION_FLAG_SF_12V2
1559,SGMTRE53,RSN_HAVE_SIGMOIDOSCOPY___39__R5_3
1560,SGMTST53,MOST_RECENT_SIGMOIDOSCOPY___39____R5_3
1561,SIBPRO42,PRBLM_GETTING_ALONG_W_SIBS__5_17__R4_2
1562,SICEAS42,CHILD_GETS_SICK_EASILY__0_17__R4_2
1563,SICPAY31,PAID_SICK_LEAVE_AT_RD_3_1_CMJ
1564,SICPAY42,PAID_SICK_LEAVE_AT_RD_4_2_CMJ
1565,SICPAY53,PAID_SICK_LEAVE_AT_RD_5_3_CMJ
1566,SOCLIM31,SOCIAL_LIMITATIONS___RD_3_1
1567,SOCLIM53,SOCIAL_LIMITATIONS___RD_5_3
1568,SPOUID13,SPOUSE_ID___12_31_13
1569,SPOUID31,SPOUSE_ID___R3_1
1570,SPOUID42,SPOUSE_ID___R4_2
1571,SPOUID53,SPOUSE_ID___R5_3
1572,SPOUIN13,MARITAL_STATUS_W_SPOUSE_PRESENT_12_31_13
1573,SPOUIN31,MARITAL_STATUS_W_SPOUSE_PRESENT_R3_1
1574,SPOUIN42,MARITAL_STATUS_W_SPOUSE_PRESENT_R4_2
1575,SPOUIN53,MARITAL_STATUS_W_SPOUSE_PRESENT_R5_3
1576,SPRPRO42,PROBLEM_W_SPORTS_HOBBIES__5_17__R4_2
1577,SSCIMP13,SOCIAL_SECURITY_INCOME_IMPUTATION_FLAG
1578,SSECP13X,PERSON_S_SOCIAL_SECURITY_INCOME
1579,SSIDIS13,SSI_RECEIPT_DUE_TO_DISABILITY
1580,SSIIMP13,SSI_IMPUTATION_FLAG
1581,SSIP13X,PERSON_S_SSI
1582,SSNLJB31,IS_CMJ_A_SEASONAL_JOB_RD_3_1
1583,SSNLJB42,IS_CMJ_A_SEASONAL_JOB_RD_4_2
1584,SSNLJB53,IS_CMJ_A_SEASONAL_JOB_RD_5_3
1585,STAAP13,COVERED_BY_OTHER_STATE_PROG_IN_APR13
1586,STAAU13,COVERED_BY_OTHER_STATE_PROG_IN_AUG13
1587,STADE13,COVERED_BY_OTHER_STATE_PROG_IN_DEC13
1588,STAFE13,COVERED_BY_OTHER_STATE_PROG_IN_FEB13
1589,STAJA13,COVERED_BY_OTHER_STATE_PROG_IN_JAN13
1590,STAJL13,COVERED_BY_OTHER_STATE_PROG_IN_JUL13
1591,STAJU13,COVERED_BY_OTHER_STATE_PROG_IN_JUN13
1592,STAMA13,COVERED_BY_OTHER_STATE_PROG_IN_MAR13
1593,STAMY13,COVERED_BY_OTHER_STATE_PROG_IN_MAY13
1594,STANO13,COVERED_BY_OTHER_STATE_PROG_IN_NOV13
1595,STAOC13,COVERED_BY_OTHER_STATE_PROG_IN_OCT13
1596,STAPR13,COV_BY_STATE_SPEC_PROG_ON_12_31_13
1597,STAPR31,COV_BY_STATE_SPEC_PROG___R3_1_INT_DT
1598,STAPR42,COV_BY_STATE_SPEC_PROG___R4_2_INT_DT
1599,STAPR53,COV_BY_ST_SPEC_PROG_12_31_R5_R3_INT_DT
1600,STASE13,COVERED_BY_OTHER_STATE_PROG_IN_SEP13
1601,STJBMM31,MONTH_STARTED_RD_3_1_CMJ
1602,STJBMM42,MONTH_STARTED_RD_4_2_CMJ
1603,STJBMM53,MONTH_STARTED_RD_5_3_CMJ
1604,STJBYY31,YEAR_STARTED_RD_3_1_CMJ
1605,STJBYY42,YEAR_STARTED_RD_4_2_CMJ
1606,STJBYY53,YEAR_STARTED_RD_5_3_CMJ
1607,STNDIF31,DIFFICULTY_STANDING_20_MINUTES___RD_3_1
1608,STNDIF53,DIFFICULTY_STANDING_20_MINUTES___RD_5_3
1609,STOMCH53,TKE_ASPRN_UNSAFE_B_C_STOMCH___17__RD_5_3
1610,STPDIF31,DIFFICULTY_WALKING_UP_10_STEPS___RD_3_1
1611,STPDIF53,DIFFICULTY_WALKING_UP_10_STEPS___RD_5_3
1612,STPRAT13,STATE_INSURANCE_ANY_TIME_IN_R5_R3
1613,STPRAT31,ANY_TIME_COVERAGE_BY_STATE_INS___R3_1
1614,STPRAT42,ANY_TIME_COVERAGE_BY_STATE_INS___R4_2
1615,STPRAT53,ANY_TIME_COVERAGE_BY_STATE_INS___R5_3
1616,STRKAGED,AGE_OF_DIAGNOSIS_STROKE
1617,STRKDX,STROKE_DIAGNOSIS___17_
1618,TAXFRM13,TAX_FORM_PERSON_WILL_FILE
1619,TEMPJB31,IS_CMJ_A_TEMPORARY_JOB_RD_3_1
1620,TEMPJB42,IS_CMJ_A_TEMPORARY_JOB_RD_4_2
1621,TEMPJB53,IS_CMJ_A_TEMPORARY_JOB_RD_5_3
1622,TIMALN42,DOCTOR_SPEND_ANY_TIME_ALONE__12_17__R4_2
1623,TMTKUS42,AC13_HOW_LONG_IT_TAKES_GET_TO_USC_R4_2
1624,TOTDED13,TOTAL_OF_ALL_ITEMIZED_DEDUCTIONS
1625,TOTEXP13,TOTAL_HEALTH_CARE_EXP_13
1626,TOTMCD13,TOTAL_AMT_PAID_BY_MEDICAID_13
1627,TOTMCR13,TOTAL_AMT_PAID_BY_MEDICARE_13
1628,TOTOFD13,TOTAL_AMT_PAID_BY_OTHER_FEDERAL_13
1629,TOTOPR13,TOTAL_AMT_PAID_BY_OTHER_PRIVATE_13
1630,TOTOPU13,TOTAL_AMT_PAID_BY_OTHER_PUBLIC_13
1631,TOTOSR13,TOTAL_AMT_PAID_BY_OTHER_SOURCES_13
1632,TOTOTH13,TOTAL_AMT_PAID_BY_OTH_COMBINED_13
1633,TOTPRV13,TOTAL_AMT_PAID_BY_PRIVATE_INS_13
1634,TOTPTR13,TOTAL_AMT_PAID_BY_PRV___TRI_13
1635,TOTSLF13,TOTAL_AMT_PAID_BY_SELF_FAMILY_13
1636,TOTSTL13,TOTAL_AMT_PAID_BY_OTH_ST_LOCAL_13
1637,TOTTCH13,TOTAL_HEALTH_CARE_CHARGES_13__EXCL_RX
1638,TOTTRI13,TOTAL_AMT_PAID_BY_TRICARE_13
1639,TOTVA13,TOTAL_AMT_PAID_BY_VA_CHAMPVA_13
1640,TOTWCP13,TOTAL_AMT_PAID_BY_WORKERS_COMP_13
1641,TRANS42,AC08_OTH_REAS_NO_USC__TRANSPRT_TIME_R4_2
1642,TRBLE42,PRBLM_STAY_OUT_OF_TROUBLE__5_17__R4_2
1643,TREATM42,AC26_PROV_ASK_ABOUT_OTH_TREATMENTS_R4_2
1644,TRIAP13X,COVERED_BY_TRICARE_CHAMPVA_IN_APR13_ED_
1645,TRIAT13X,TRICARE_CHAMPVA_ANY_TIME_IN_R5_R3
1646,TRIAT31X,ANY_TIME_COV_TRICARE_CHAMPVA___R3_1
1647,TRIAT42X,ANY_TIME_COV_TRICARE_CHAMPVA___R4_2
1648,TRIAT53X,ANY_TIME_COV_TRICARE_CHAMPVA___R5_3
1649,TRIAU13X,COVERED_BY_TRICARE_CHAMPVA_IN_AUG13__ED_
1650,TRICH13X,CHAMPVA_ANY_TIME_IN_R5_R3
1651,TRICH31X,COVERED_BY_CHAMPVA___R3_1
1652,TRICH42X,COVERED_BY_CHAMPVA___R4_2
1653,TRICR13X,COV_BY_TRICARE_CHAMPVA_ON_12_31_13__ED_
1654,TRICR31X,COV_BY_TRICR_CHAMV___R3_1_INT_DT__ED_
1655,TRICR42X,COV_BY_TRICR_CHAMV___R4_2_INT_DT__ED_
1656,TRICR53X,TRICR_CHAMV_ON_12_31_R5_R3_INT_DT__ED_
1657,TRIDE13X,COVERED_BY_TRICARE_CHAMPVA_IN_DEC13__ED_
1658,TRIEV13,EVER_HAVE_TRICARE_CHAMPVA_DURING_13
1659,TRIEX13X,TRICARE_EXTRA_ANY_TIME_IN_R5_R3
1660,TRIEX31X,COVERED_BY_TRICARE_EXTRA___R3_1
1661,TRIEX42X,COVERED_BY_TRICARE_EXTRA___R4_2
1662,TRIFE13X,COVERED_BY_TRICARE_CHAMPVA_IN_FEB13__ED_
1663,TRIJA13X,COVERED_BY_TRICARE_CHAMPVA_IN_JAN13__ED_
1664,TRIJL13X,COVERED_BY_TRICARE_CHAMPVA_IN_JUL13__ED_
1665,TRIJU13X,COVERED_BY_TRICARE_CHAMPVA_IN_JUN13__ED_
1666,TRILI13X,TRICARE_FOR_LIFE_ANY_TIME_IN_R5_R3
1667,TRILI31X,COVERED_BY_TRICARE_FOR_LIFE___R3_1
1668,TRILI42X,COVERED_BY_TRICARE_FOR_LIFE___R4_2
1669,TRIMA13X,COVERED_BY_TRICARE_CHAMPVA_IN_MAR13__ED_
1670,TRIMY13X,COVERED_BY_TRICARE_CHAMPVA_IN_MAY13__ED_
1671,TRINO13X,COVERED_BY_TRICARE_CHAMPVA_IN_NOV13__ED_
1672,TRIOC13X,COVERED_BY_TRICARE_CHAMPVA_IN_OCT13__ED_
1673,TRIPR13X,TRICARE_PRIME_ANY_TIME_IN_R5_R3
1674,TRIPR31X,COVERED_BY_TRICARE_PRIME___R3_1
1675,TRIPR42X,COVERED_BY_TRICARE_PRIME___R4_2
1676,TRISE13X,COVERED_BY_TRICARE_CHAMPVA_IN_SEP13__ED_
1677,TRIST13X,TRICARE_STANDARD_ANY_TIME_IN_R5_R3
1678,TRIST31X,COVERED_BY_TRICARE_STANDARD___R3_1
1679,TRIST42X,COVERED_BY_TRICARE_STANDARD___R4_2
1680,TRSTP13X,PERSON_S_TRUST_RENT_INCOME
1681,TRTIMP13,TRUST_INCOME_IMPUTATION_FLAG
1682,TTLP13X,PERSON_S_TOTAL_INCOME
1683,TYPEPE42,USC_TYPE_OF_PROVIDER_R4_2
1684,UNABLE31,COMPLETELY_UNABLE_TO_DO_ACTIVITY_RD_3_1
1685,UNABLE53,COMPLETELY_UNABLE_TO_DO_ACTIVITY_RD_5_3
1686,UNEIMP13,UNEMPLOYMENT_IMPUTATION_FLAG
1687,UNEMP13X,PERSON_S_UNEMPLOYMENT_COMP_INCOME
1688,UNHAP42,PROBLEM_FEELING_UNHAPPY_SAD__5_17__R4_2
1689,UNINS13,UNINSURED_ALL_OF_13
1690,UNION31,UNION_STATUS_AT_RD_3_1_CMJ
1691,UNION42,UNION_STATUS_AT_RD_4_2_CMJ
1692,UNION53,UNION_STATUS_AT_RD_5_3_CMJ
1693,USBORN42,AC03_WAS_PERSON_BORN_IN_US_R2
1694,USCNOT42,AC08_OTH_REAS_NO_USC__USC_NOT_AVAIL_R4_2
1695,VARPSU,VARIANCE_ESTIMATION_PSU___2013
1696,VARSTR,VARIANCE_ESTIMATION_STRATUM___2013
1697,VETIMP13,VETERAN_S_INCOME_IMPUTATION_FLAG
1698,VETSP13X,PERSON_S_VETERAN_S_INCOME
1699,VISEXP13,TOTAL_GLASSES_CONTACT_LENS_EXP_13
1700,VISMCD13,GLASSES_CNTCT_LENSES_MEDICAID_AMT_13
1701,VISMCR13,GLASSES_CNTCT_LENSES_MEDICARE_AMT_13
1702,VISOFD13,GLASSES_CNTCT_LENSES_OTHR_FED_AMT_13
1703,VISOPR13,GLASSES_CNTCT_LENSES_OTH_PRIVATE_AMT_13
1704,VISOPU13,GLASSES_CNTCT_LENSES_OTH_PUBLIC_AMT_13
1705,VISOSR13,GLASES_CNTCT_LENSE_OT_UNCLAS_SRCE_AMT_13
1706,VISOTH13,GLASSES_CNTCT_LENSES_OTH_COMBINED_AMT_13
1707,VISPRV13,GLASSES_CNTCT_LENSES_PRIV_INS_AMT_13
1708,VISPTR13,GLASSES_CNTCT_LENSES_PRV___TRI_AMT_13
1709,VISSLF13,GLASSES_CNTCT_LENSES__SELF_FAM_AMT_13
1710,VISSTL13,GLASSES_CNTCT_LENSES_OTH_ST_LOCL_AMT_13
1711,VISTCH13,GLASSES_CONTACT_LENSES_CHARGES_13
1712,VISTRI13,GLASSES_LENSES_TRICARE_AMT_13
1713,VISVA13,GLASSES_CNTCT_LENSES_VA_CHAMPVA_AMT_13
1714,VISWCP13,GLASSES_CNTCT_LENSES_WORKERS_COMP_AMT_13
1715,WAGEP13X,PERSON_S_WAGE_INCOME
1716,WAGIMP13,WAGE_IMPUTATION_FLAG
1717,WASAFDC,WAS_PREV_INS_BY_PUBLIC_AFDC_PNL_18_ONLY
1718,WASCHAMP,WAS_PREV_INS_TRICARE_CHAMPVA_PNL_18_ONLY
1719,WASESTB,WAS_PREV_INS_BY_EMPL_OR_UNION_PN_18_ONLY
1720,WASMCAID,WAS_PREV_INS_BY_MCAID_SCHIP_PNL_18_ONLY
1721,WASMCARE,WAS_PREV_INS_BY_MEDICARE_PANEL_18_ONLY
1722,WASOTGOV,WAS_PREV_INS_BY_OTH_GOV_PRG_PNL_18_ONLY
1723,WASOTHER,WAS_PREV_INS_BY_OTH_SOURCE_PANEL_18_ONLY
1724,WASPRIV,WAS_PREV_INS_GRP_ASSOC_INS_CO_PN_18_ONLY
1725,WASSSI,WAS_PREV_INS_BY_SSI_PROGRAM_PNL_18_ONLY
1726,WASSTAT1,WAS_PREV_INS_BY_STAT_PROG_1_PNL_18_ONLY
1727,WASSTAT2,WAS_PREV_INS_BY_STAT_PROG_2_PNL_18_ONLY
1728,WASSTAT3,WAS_PREV_INS_BY_STAT_PROG_3_PNL_18_ONLY
1729,WASSTAT4,WAS_PREV_INS_BY_STAT_PROG_4_PNL_18_ONLY
1730,WASVA,WAS_PREV_INS_VA_MILITAR_CARE_PNL_18_ONLY
1731,WCMPP13X,PERSON_S_WORKERS__COMPENSATION
1732,WCPIMP13,WORKERS__COMP_IMPUTATION_FLAG
1733,WHITPR42,AC19_IS_PROVIDER_WHITE_R4_2
1734,WHNBPR42,WHEN_DR_CHECKED_BLOOD_PRESS__2_17__R4_2
1735,WHNBST42,WHN_DR_ADVISE_BOOST_SEAT_40_WT__80__R4_2
1736,WHNDEN42,WHEN_DR_ADVISE_DENT_CHECKUP__2_17__R4_2
1737,WHNEAT42,WHEN_DR_ADVISE_EAT_HEALTHY__2_17__R4_2
1738,WHNHEL42,WHEN_DR_ADVISE_BIKE_HELMET__2_17__R4_2
1739,WHNHGT42,WHEN_DOCTOR_MEASURED_HEIGHT__0_17__R4_2
1740,WHNLAP42,WHN_DR_ADVISE_LAP_SHLDR_BLT__80_WT__R4_2
1741,WHNPHY42,WHEN_DR_ADVISE_EXERCISE__2_17__R4_2
1742,WHNSAF42,WHEN_DR_ADVISE_SAFETY_SEAT__WT__40__R4_2
1743,WHNSMK42,WHN_DR_ADVIS_SMKG_IN_HOME_BAD_0_17__R4_2
1744,WHNWGT42,WHEN_DOCTOR_MEASURED_WEIGHT__0_17__R4_2
1745,WILFIL13,WILL_PERSON_FILE_FED_INCOME_TAX_RETURN
1746,WLK3MO31,PHYS_FUNCTIONING_HELP_3PLUS_MONTHS___RD_3_1
1747,WLKDIF31,DIFFICULTY_WALKING_3_BLOCKS___RD_3_1
1748,WLKDIF53,DIFFICULTY_WALKING_3_BLOCKS___RD_5_3
1749,WLKLIM31,LIMITATION_IN_PHYSICAL_FUNCTIONING_RD3_1
1750,WLKLIM53,LIMITATION_IN_PHYSICAL_FUNCTIONING_RD5_3
1751,WRGLAS42,WEARS_EYEGLASSES_OR_CONTACTS___RD_4_2
1752,WRHLTH42,WORRY_MORE_ABOUT_HEALTH__0_17__R4_2
1753,WRKLIM31,WORK_LIMITATION___RD_3_1
1754,WRKLIM53,WORK_LIMITATION___RD_5_3
1755,YCHJ3142,WHY_CHNGD_JOB_BETWEEN_RD_3_1_AND_RD_4_2
1756,YCHJ4253,WHY_CHNGD_JOB_BETWEEN_RD_4_2_AND_RD_5_3
1757,YNOUSC42,AC07_MAIN_REAS_PERS_DOESNT_HAVE_USC_R4_2
1758,YRSINUS,YEARS_PERSON_LIVED_IN_THE_US
1759,ZIDEXP13,TOTAL_ZERO_NITE_STAZ_DR_13
1760,ZIDMCD13,ZERO_NITE_IP_STAZ_MEDICAID_AMT_DR_13
1761,ZIDMCR13,ZERO_NITE_IP_STAZ_MEDICARE_AMT_DR_13
1762,ZIDOFD13,ZERO_NITE_IP_STAZ_OTHER_FED_AMT_DR_13
1763,ZIDOPR13,ZERO_NITE_IP_STAZ_OTH_PRIVATE_AMT_DR_13
1764,ZIDOPU13,ZERO_NITE_IP_STAZ_OTH_PUBLIC_AMT_DR_13
1765,ZIDOSR13,ZERO_NITE_IP_STAZ_UNCLAS_SRCE_AMT_DR_13
1766,ZIDOTH13,ZERO_NITE_IP_STAZ_OTH_COMBINED_AMT_DR_13
1767,ZIDPRV13,ZERO_NITE_IP_STAZ_PRIV_INS_AMT_DR_13
1768,ZIDPTR13,ZERO_NITE_IP_STAZ_PRV___TRI_AMT_DR_13
1769,ZIDSLF13,ZERO_NITE_IP_STAZ_SELF_FAM_AMT_DR_13
1770,ZIDSTL13,ZERO_NITE_IP_STAZ_OTH_ST_LOC_AMT_DR_13
1771,ZIDTCH13,ZERO_NITE_IP_STAY_CHARGES___DR_13
1772,ZIDTRI13,ZERO_NITE_IP_STAZ_TRICARE_AMT_DR_13
1773,ZIDVA13,ZERO_NITE_IP_STAZ_VA_CHAMPVA_AMT_DR_13
1774,ZIDWCP13,ZERO_NITE_IP_STAZ_WRKERS_COMP_AMT_DR_13
1775,ZIFEXP13,TOTAL_ZERO_NITE_STAYS_FAC_EXP_13
1776,ZIFMCD13,ZERO_NITE_IP_STAZ_MEDICAID_AMT_FAC_13
1777,ZIFMCR13,ZERO_NITE_IP_STAZ_MEDICARE_AMT_FAC_13
1778,ZIFOFD13,ZERO_NITE_IP_STAZ_OTHER_FED_AMT_FAC_13
1779,ZIFOPR13,ZERO_NITE_IP_STAZ_OTH_PRIVATE_AMT_FAC_13
1780,ZIFOPU13,ZERO_NITE_IP_STAZ_OTH_PUBLIC_AMT_FAC_13
1781,ZIFOSR13,ZERO_NITE_IP_STAZ_UNCLAS_SRCE_AMT_FAC_13
1782,ZIFOTH13,ZERO_NITE_IP_STAZ_OTH_COMBINE_AMT_FAC_13
1783,ZIFPRV13,ZERO_NITE_IP_STAZ_PRIV_INS_AMT_FAC_13
1784,ZIFPTR13,ZERO_NITE_IP_STAZ_PRV___TRI_AMT_FAC_13
1785,ZIFSLF13,ZERO_NITE_IP_STAZ_SELF_FAM_AMT_FAC_13
1786,ZIFSTL13,ZERO_NITE_IP_STAZ_OTH_ST_LOC_AMT_FAC_13
1787,ZIFTCH13,ZERO_NITE_IP_STAY_CHARGES___FAC_13
1788,ZIFTRI13,ZERO_NITE_IP_STAZ_TRICARE_AMT_FAC_13
1789,ZIFVA13,ZERO_NITE_IP_STAZ_VA_CHAMPVA_AMT_FAC_13
1790,ZIFWCP13,ZERO_NITE_IP_STAZ_WRKERS_COMP_AMT_FAC_13
